23:47:22 [DEBUG   ] pokemon_stencil.logging_config:97 – Logging initialised (verbose=False, file=outputs/pokemon_stencil.log)
23:47:22 [DEBUG   ] pokemon_stencil.logging_config:97 – Logging initialised (verbose=True, file=outputs/pokemon_stencil.log)
23:47:22 [DEBUG   ] pokemon_stencil.logging_config:97 – Logging initialised (verbose=False, file=outputs/pokemon_stencil.log)
23:47:22 [DEBUG   ] pokemon_stencil.logging_config:97 – Logging initialised (verbose=False, file=outputs/pokemon_stencil.log)
23:47:22 [DEBUG   ] pokemon_stencil.logging_config:97 – Logging initialised (verbose=False, file=outputs/pokemon_stencil.log)
23:47:22 [DEBUG   ] pokemon_stencil.logging_config:97 – Logging initialised (verbose=False, file=outputs/pokemon_stencil.log)
23:47:22 [DEBUG   ] pokemon_stencil.logging_config:97 – Logging initialised (verbose=False, file=outputs/pokemon_stencil.log)
23:47:22 [INFO    ] pokemon_stencil.cli:169 – Command: generate | pokemon=Pikachu | count=1
23:47:22 [DEBUG   ] pokemon_stencil.logging_config:97 – Logging initialised (verbose=False, file=outputs/pokemon_stencil.log)
23:47:22 [INFO    ] pokemon_stencil.cli:331 – Command: batch | config=/tmp/pytest-of-root/pytest-0/test_invalid_json_config_exits0/bad.json | count=3 | workers=1
23:47:22 [DEBUG   ] pokemon_stencil.logging_config:97 – Logging initialised (verbose=False, file=outputs/pokemon_stencil.log)
23:47:22 [INFO    ] pokemon_stencil.cli:331 – Command: batch | config=/tmp/pytest-of-root/pytest-0/test_config_missing_name_key_e0/bad.json | count=3 | workers=1
23:47:22 [DEBUG   ] pokemon_stencil.logging_config:97 – Logging initialised (verbose=False, file=outputs/pokemon_stencil.log)
23:47:22 [INFO    ] pokemon_stencil.cli:331 – Command: batch | config=/tmp/pytest-of-root/pytest-0/test_workers_option_accepted0/cfg.json | count=3 | workers=2
23:47:22 [INFO    ] pokemon_stencil.batch.batch_runner:196 – Batch starting: 3 job(s) | workers=2 | skip_generation=False
23:47:22 [INFO    ] pokemon_stencil.batch.batch_runner:266 – Spawning 2 worker process(es).
23:47:23 [INFO    ] pokemon_stencil.pipeline:206 – Pipeline.run_from_image | run_name=test_00 | image=/tmp/pytest-of-root/pytest-0/test_creates_output_dirs0/input.png
23:47:23 [DEBUG   ] pokemon_stencil.image_proc.loader:138 – Loaded: /tmp/pytest-of-root/pytest-0/test_creates_output_dirs0/input.png
23:47:23 [DEBUG   ] pokemon_stencil.pipeline:385 – Saved image: /tmp/pytest-of-root/pytest-0/test_creates_output_dirs0/test_00/images/source_000.png
23:47:23 [INFO    ] pokemon_stencil.pipeline:280 – Stage 3: Style transfer | index=0
23:47:23 [DEBUG   ] pokemon_stencil.image_gen.style_transfer:60 – Style transfer complete.
23:47:23 [INFO    ] pokemon_stencil.pipeline:284 – Stage 4: Simplification | index=0
23:47:23 [DEBUG   ] pokemon_stencil.image_proc.simplifier:64 – Simplification complete; output size: (64, 64)
23:47:23 [DEBUG   ] pokemon_stencil.pipeline:292 – Saved simplified image: /tmp/pytest-of-root/pytest-0/test_creates_output_dirs0/test_00/simplified/simplified_img000.png
23:47:23 [INFO    ] pokemon_stencil.pipeline:295 – Stage 5: Colour segmentation | index=0
23:47:23 [DEBUG   ] pokemon_stencil.image_proc.segmenter:116 – Layer 0 | colour=(102, 255, 51) | pixels=1344 (32.8%)
23:47:23 [DEBUG   ] pokemon_stencil.image_proc.segmenter:116 – Layer 1 | colour=(51, 0, 255) | pixels=1408 (34.4%)
23:47:23 [DEBUG   ] pokemon_stencil.image_proc.segmenter:116 – Layer 2 | colour=(255, 51, 0) | pixels=1344 (32.8%)
23:47:23 [INFO    ] pokemon_stencil.image_proc.segmenter:128 – Segmentation produced 3 layer(s).
23:47:23 [INFO    ] pokemon_stencil.pipeline:297 – Produced 3 colour layer(s).
23:47:23 [DEBUG   ] pokemon_stencil.pipeline:328 – Stage 6 (stub): stencil safety | 3 layers | prefix=img000
23:47:23 [DEBUG   ] pokemon_stencil.pipeline:346 – Stages 7-8 (stub): vector tracing | 3 layers | prefix=img000
23:47:23 [DEBUG   ] pokemon_stencil.pipeline:365 – Stage 9 (stub): SVG export | 3 layers | prefix=img000
23:47:23 [INFO    ] pokemon_stencil.pipeline:228 – Pipeline complete | run_name=test_00 | svg_dir=None
23:47:23 [INFO    ] pokemon_stencil.pipeline:206 – Pipeline.run_from_image | run_name=test_00 | image=/tmp/pytest-of-root/pytest-0/test_saves_simplified_image0/input.png
23:47:23 [DEBUG   ] pokemon_stencil.image_proc.loader:138 – Loaded: /tmp/pytest-of-root/pytest-0/test_saves_simplified_image0/input.png
23:47:23 [DEBUG   ] pokemon_stencil.pipeline:385 – Saved image: /tmp/pytest-of-root/pytest-0/test_saves_simplified_image0/test_00/images/source_000.png
23:47:23 [INFO    ] pokemon_stencil.pipeline:280 – Stage 3: Style transfer | index=0
23:47:23 [DEBUG   ] pokemon_stencil.image_gen.style_transfer:60 – Style transfer complete.
23:47:23 [INFO    ] pokemon_stencil.pipeline:284 – Stage 4: Simplification | index=0
23:47:23 [DEBUG   ] pokemon_stencil.image_proc.simplifier:64 – Simplification complete; output size: (64, 64)
23:47:23 [DEBUG   ] pokemon_stencil.pipeline:292 – Saved simplified image: /tmp/pytest-of-root/pytest-0/test_saves_simplified_image0/test_00/simplified/simplified_img000.png
23:47:23 [INFO    ] pokemon_stencil.pipeline:295 – Stage 5: Colour segmentation | index=0
23:47:23 [DEBUG   ] pokemon_stencil.image_proc.segmenter:116 – Layer 0 | colour=(102, 255, 51) | pixels=1344 (32.8%)
23:47:23 [DEBUG   ] pokemon_stencil.image_proc.segmenter:116 – Layer 1 | colour=(51, 0, 255) | pixels=1408 (34.4%)
23:47:23 [DEBUG   ] pokemon_stencil.image_proc.segmenter:116 – Layer 2 | colour=(255, 51, 0) | pixels=1344 (32.8%)
23:47:23 [INFO    ] pokemon_stencil.image_proc.segmenter:128 – Segmentation produced 3 layer(s).
23:47:23 [INFO    ] pokemon_stencil.pipeline:297 – Produced 3 colour layer(s).
23:47:23 [DEBUG   ] pokemon_stencil.pipeline:328 – Stage 6 (stub): stencil safety | 3 layers | prefix=img000
23:47:23 [DEBUG   ] pokemon_stencil.pipeline:346 – Stages 7-8 (stub): vector tracing | 3 layers | prefix=img000
23:47:23 [DEBUG   ] pokemon_stencil.pipeline:365 – Stage 9 (stub): SVG export | 3 layers | prefix=img000
23:47:23 [INFO    ] pokemon_stencil.pipeline:228 – Pipeline complete | run_name=test_00 | svg_dir=None
23:47:23 [INFO    ] pokemon_stencil.pipeline:206 – Pipeline.run_from_image | run_name=test_00 | image=/tmp/pytest-of-root/pytest-0/test_saves_mask_files0/input.png
23:47:23 [DEBUG   ] pokemon_stencil.image_proc.loader:138 – Loaded: /tmp/pytest-of-root/pytest-0/test_saves_mask_files0/input.png
23:47:23 [DEBUG   ] pokemon_stencil.pipeline:385 – Saved image: /tmp/pytest-of-root/pytest-0/test_saves_mask_files0/test_00/images/source_000.png
23:47:23 [INFO    ] pokemon_stencil.pipeline:280 – Stage 3: Style transfer | index=0
23:47:23 [DEBUG   ] pokemon_stencil.image_gen.style_transfer:60 – Style transfer complete.
23:47:23 [INFO    ] pokemon_stencil.pipeline:284 – Stage 4: Simplification | index=0
23:47:23 [DEBUG   ] pokemon_stencil.image_proc.simplifier:64 – Simplification complete; output size: (64, 64)
23:47:23 [DEBUG   ] pokemon_stencil.pipeline:292 – Saved simplified image: /tmp/pytest-of-root/pytest-0/test_saves_mask_files0/test_00/simplified/simplified_img000.png
23:47:23 [INFO    ] pokemon_stencil.pipeline:295 – Stage 5: Colour segmentation | index=0
23:47:23 [DEBUG   ] pokemon_stencil.image_proc.segmenter:116 – Layer 0 | colour=(102, 255, 51) | pixels=1344 (32.8%)
23:47:23 [DEBUG   ] pokemon_stencil.image_proc.segmenter:116 – Layer 1 | colour=(51, 0, 255) | pixels=1408 (34.4%)
23:47:23 [DEBUG   ] pokemon_stencil.image_proc.segmenter:116 – Layer 2 | colour=(255, 51, 0) | pixels=1344 (32.8%)
23:47:23 [INFO    ] pokemon_stencil.image_proc.segmenter:128 – Segmentation produced 3 layer(s).
23:47:23 [INFO    ] pokemon_stencil.pipeline:297 – Produced 3 colour layer(s).
23:47:23 [DEBUG   ] pokemon_stencil.pipeline:328 – Stage 6 (stub): stencil safety | 3 layers | prefix=img000
23:47:23 [DEBUG   ] pokemon_stencil.pipeline:346 – Stages 7-8 (stub): vector tracing | 3 layers | prefix=img000
23:47:23 [DEBUG   ] pokemon_stencil.pipeline:365 – Stage 9 (stub): SVG export | 3 layers | prefix=img000
23:47:23 [INFO    ] pokemon_stencil.pipeline:228 – Pipeline complete | run_name=test_00 | svg_dir=None
23:47:23 [INFO    ] pokemon_stencil.pipeline:206 – Pipeline.run_from_image | run_name=test_00 | image=/tmp/pytest-of-root/pytest-0/test_returns_pipeline_result0/input.png
23:47:23 [DEBUG   ] pokemon_stencil.image_proc.loader:138 – Loaded: /tmp/pytest-of-root/pytest-0/test_returns_pipeline_result0/input.png
23:47:23 [DEBUG   ] pokemon_stencil.pipeline:385 – Saved image: /tmp/pytest-of-root/pytest-0/test_returns_pipeline_result0/test_00/images/source_000.png
23:47:23 [INFO    ] pokemon_stencil.pipeline:280 – Stage 3: Style transfer | index=0
23:47:23 [DEBUG   ] pokemon_stencil.image_gen.style_transfer:60 – Style transfer complete.
23:47:23 [INFO    ] pokemon_stencil.pipeline:284 – Stage 4: Simplification | index=0
23:47:23 [DEBUG   ] pokemon_stencil.image_proc.simplifier:64 – Simplification complete; output size: (64, 64)
23:47:23 [DEBUG   ] pokemon_stencil.pipeline:292 – Saved simplified image: /tmp/pytest-of-root/pytest-0/test_returns_pipeline_result0/test_00/simplified/simplified_img000.png
23:47:23 [INFO    ] pokemon_stencil.pipeline:295 – Stage 5: Colour segmentation | index=0
23:47:23 [DEBUG   ] pokemon_stencil.image_proc.segmenter:116 – Layer 0 | colour=(102, 255, 51) | pixels=1344 (32.8%)
23:47:23 [DEBUG   ] pokemon_stencil.image_proc.segmenter:116 – Layer 1 | colour=(51, 0, 255) | pixels=1408 (34.4%)
23:47:23 [DEBUG   ] pokemon_stencil.image_proc.segmenter:116 – Layer 2 | colour=(255, 51, 0) | pixels=1344 (32.8%)
23:47:23 [INFO    ] pokemon_stencil.image_proc.segmenter:128 – Segmentation produced 3 layer(s).
23:47:23 [INFO    ] pokemon_stencil.pipeline:297 – Produced 3 colour layer(s).
23:47:23 [DEBUG   ] pokemon_stencil.pipeline:328 – Stage 6 (stub): stencil safety | 3 layers | prefix=img000
23:47:23 [DEBUG   ] pokemon_stencil.pipeline:346 – Stages 7-8 (stub): vector tracing | 3 layers | prefix=img000
23:47:23 [DEBUG   ] pokemon_stencil.pipeline:365 – Stage 9 (stub): SVG export | 3 layers | prefix=img000
23:47:23 [INFO    ] pokemon_stencil.pipeline:228 – Pipeline complete | run_name=test_00 | svg_dir=None
23:47:23 [INFO    ] pokemon_stencil.pipeline:206 – Pipeline.run_from_image | run_name=test_00 | image=/nonexistent/image.png
23:47:23 [INFO    ] pokemon_stencil.pipeline:137 – Pipeline.run | run_name=pikachu_00 | pokemon=Pikachu
23:47:23 [INFO    ] pokemon_stencil.image_proc.loader:75 – Found 1 reference image(s) in /tmp/pytest-of-root/pytest-0/test_run_with_refs0/refs
23:47:23 [DEBUG   ] pokemon_stencil.image_proc.loader:138 – Loaded: /tmp/pytest-of-root/pytest-0/test_run_with_refs0/refs/ref_000.png
23:47:23 [INFO    ] pokemon_stencil.image_proc.loader:102 – Loaded 1 valid reference image(s).
23:47:23 [INFO    ] pokemon_stencil.pipeline:145 – Loaded 1 reference image(s).
23:47:23 [INFO    ] pokemon_stencil.pipeline:154 – Skipping SD generation; using reference images directly.
23:47:23 [DEBUG   ] pokemon_stencil.pipeline:385 – Saved image: /tmp/pytest-of-root/pytest-0/test_run_with_refs0/pikachu_00/images/source_000.png
23:47:23 [INFO    ] pokemon_stencil.pipeline:280 – Stage 3: Style transfer | index=0
23:47:23 [DEBUG   ] pokemon_stencil.image_gen.style_transfer:60 – Style transfer complete.
23:47:23 [INFO    ] pokemon_stencil.pipeline:284 – Stage 4: Simplification | index=0
23:47:23 [DEBUG   ] pokemon_stencil.image_proc.simplifier:64 – Simplification complete; output size: (64, 64)
23:47:23 [DEBUG   ] pokemon_stencil.pipeline:292 – Saved simplified image: /tmp/pytest-of-root/pytest-0/test_run_with_refs0/pikachu_00/simplified/simplified_img000.png
23:47:23 [INFO    ] pokemon_stencil.pipeline:295 – Stage 5: Colour segmentation | index=0
23:47:23 [DEBUG   ] pokemon_stencil.image_proc.segmenter:116 – Layer 0 | colour=(102, 255, 51) | pixels=1344 (32.8%)
23:47:23 [DEBUG   ] pokemon_stencil.image_proc.segmenter:116 – Layer 1 | colour=(51, 0, 255) | pixels=1408 (34.4%)
23:47:23 [DEBUG   ] pokemon_stencil.image_proc.segmenter:116 – Layer 2 | colour=(255, 51, 0) | pixels=1344 (32.8%)
23:47:23 [INFO    ] pokemon_stencil.image_proc.segmenter:128 – Segmentation produced 3 layer(s).
23:47:23 [INFO    ] pokemon_stencil.pipeline:297 – Produced 3 colour layer(s).
23:47:23 [DEBUG   ] pokemon_stencil.pipeline:328 – Stage 6 (stub): stencil safety | 3 layers | prefix=img000
23:47:23 [DEBUG   ] pokemon_stencil.pipeline:346 – Stages 7-8 (stub): vector tracing | 3 layers | prefix=img000
23:47:23 [DEBUG   ] pokemon_stencil.pipeline:365 – Stage 9 (stub): SVG export | 3 layers | prefix=img000
23:47:23 [INFO    ] pokemon_stencil.pipeline:179 – Pipeline complete | run_name=pikachu_00 | svg_dir=None
23:47:23 [INFO    ] pokemon_stencil.pipeline:137 – Pipeline.run | run_name=pikachu_00 | pokemon=Pikachu
23:47:23 [INFO    ] pokemon_stencil.pipeline:137 – Pipeline.run | run_name=pikachu_00 | pokemon=Pikachu
23:47:23 [INFO    ] pokemon_stencil.image_proc.loader:75 – Found 1 reference image(s) in /tmp/pytest-of-root/pytest-0/test_source_images_saved0/refs
23:47:23 [DEBUG   ] pokemon_stencil.image_proc.loader:138 – Loaded: /tmp/pytest-of-root/pytest-0/test_source_images_saved0/refs/ref_000.png
23:47:23 [INFO    ] pokemon_stencil.image_proc.loader:102 – Loaded 1 valid reference image(s).
23:47:23 [INFO    ] pokemon_stencil.pipeline:145 – Loaded 1 reference image(s).
23:47:23 [INFO    ] pokemon_stencil.pipeline:154 – Skipping SD generation; using reference images directly.
23:47:23 [DEBUG   ] pokemon_stencil.pipeline:385 – Saved image: /tmp/pytest-of-root/pytest-0/test_source_images_saved0/pikachu_00/images/source_000.png
23:47:23 [INFO    ] pokemon_stencil.pipeline:280 – Stage 3: Style transfer | index=0
23:47:23 [DEBUG   ] pokemon_stencil.image_gen.style_transfer:60 – Style transfer complete.
23:47:23 [INFO    ] pokemon_stencil.pipeline:284 – Stage 4: Simplification | index=0
23:47:23 [DEBUG   ] pokemon_stencil.image_proc.simplifier:64 – Simplification complete; output size: (64, 64)
23:47:23 [DEBUG   ] pokemon_stencil.pipeline:292 – Saved simplified image: /tmp/pytest-of-root/pytest-0/test_source_images_saved0/pikachu_00/simplified/simplified_img000.png
23:47:23 [INFO    ] pokemon_stencil.pipeline:295 – Stage 5: Colour segmentation | index=0
23:47:23 [DEBUG   ] pokemon_stencil.image_proc.segmenter:116 – Layer 0 | colour=(102, 255, 51) | pixels=1344 (32.8%)
23:47:23 [DEBUG   ] pokemon_stencil.image_proc.segmenter:116 – Layer 1 | colour=(51, 0, 255) | pixels=1408 (34.4%)
23:47:23 [DEBUG   ] pokemon_stencil.image_proc.segmenter:116 – Layer 2 | colour=(255, 51, 0) | pixels=1344 (32.8%)
23:47:23 [INFO    ] pokemon_stencil.image_proc.segmenter:128 – Segmentation produced 3 layer(s).
23:47:23 [INFO    ] pokemon_stencil.pipeline:297 – Produced 3 colour layer(s).
23:47:23 [DEBUG   ] pokemon_stencil.pipeline:328 – Stage 6 (stub): stencil safety | 3 layers | prefix=img000
23:47:23 [DEBUG   ] pokemon_stencil.pipeline:346 – Stages 7-8 (stub): vector tracing | 3 layers | prefix=img000
23:47:23 [DEBUG   ] pokemon_stencil.pipeline:365 – Stage 9 (stub): SVG export | 3 layers | prefix=img000
23:47:23 [INFO    ] pokemon_stencil.pipeline:179 – Pipeline complete | run_name=pikachu_00 | svg_dir=None
00:11:57 [DEBUG   ] pokemon_stencil.logging_config:97 – Logging initialised (verbose=False, file=outputs/pokemon_stencil.log)
00:11:57 [INFO    ] pokemon_stencil.cli:169 – Command: generate | pokemon=Pikachu | count=1
00:11:57 [DEBUG   ] pokemon_stencil.logging_config:97 – Logging initialised (verbose=False, file=outputs/pokemon_stencil.log)
00:11:57 [INFO    ] pokemon_stencil.cli:331 – Command: batch | config=/tmp/pytest-of-root/pytest-1/test_invalid_json_config_exits0/bad.json | count=3 | workers=1
00:11:57 [DEBUG   ] pokemon_stencil.logging_config:97 – Logging initialised (verbose=False, file=outputs/pokemon_stencil.log)
00:11:57 [INFO    ] pokemon_stencil.cli:331 – Command: batch | config=/tmp/pytest-of-root/pytest-1/test_config_missing_name_key_e0/bad.json | count=3 | workers=1
00:11:57 [DEBUG   ] pokemon_stencil.logging_config:97 – Logging initialised (verbose=False, file=outputs/pokemon_stencil.log)
00:11:57 [INFO    ] pokemon_stencil.cli:331 – Command: batch | config=/tmp/pytest-of-root/pytest-1/test_workers_option_accepted0/cfg.json | count=3 | workers=2
00:11:57 [INFO    ] pokemon_stencil.batch.batch_runner:196 – Batch starting: 3 job(s) | workers=2 | skip_generation=False
00:11:57 [INFO    ] pokemon_stencil.batch.batch_runner:266 – Spawning 2 worker process(es).
00:11:59 [DEBUG   ] pokemon_stencil.models.model_loader:90 – Pipeline cache cleared (0 entry/entries removed).
00:11:59 [DEBUG   ] pokemon_stencil.models.model_loader:90 – Pipeline cache cleared (0 entry/entries removed).
00:11:59 [DEBUG   ] pokemon_stencil.models.model_loader:90 – Pipeline cache cleared (0 entry/entries removed).
00:11:59 [DEBUG   ] pokemon_stencil.models.model_loader:90 – Pipeline cache cleared (0 entry/entries removed).
00:11:59 [DEBUG   ] pokemon_stencil.models.model_loader:90 – Pipeline cache cleared (0 entry/entries removed).
00:11:59 [DEBUG   ] pokemon_stencil.models.model_loader:90 – Pipeline cache cleared (0 entry/entries removed).
00:11:59 [DEBUG   ] pokemon_stencil.models.model_loader:90 – Pipeline cache cleared (0 entry/entries removed).
00:11:59 [DEBUG   ] pokemon_stencil.models.model_loader:90 – Pipeline cache cleared (0 entry/entries removed).
00:11:59 [DEBUG   ] pokemon_stencil.models.model_loader:90 – Pipeline cache cleared (0 entry/entries removed).
00:11:59 [DEBUG   ] pokemon_stencil.models.model_loader:90 – Pipeline cache cleared (0 entry/entries removed).
00:11:59 [DEBUG   ] pokemon_stencil.models.model_loader:90 – Pipeline cache cleared (0 entry/entries removed).
00:11:59 [DEBUG   ] pokemon_stencil.models.model_loader:90 – Pipeline cache cleared (0 entry/entries removed).
00:11:59 [DEBUG   ] pokemon_stencil.models.model_loader:90 – Pipeline cache cleared (0 entry/entries removed).
00:11:59 [DEBUG   ] pokemon_stencil.models.model_loader:90 – Pipeline cache cleared (0 entry/entries removed).
00:11:59 [DEBUG   ] pokemon_stencil.models.model_loader:90 – Pipeline cache cleared (0 entry/entries removed).
00:11:59 [DEBUG   ] pokemon_stencil.models.model_loader:90 – Pipeline cache cleared (0 entry/entries removed).
00:11:59 [DEBUG   ] pokemon_stencil.models.model_loader:90 – Pipeline cache cleared (0 entry/entries removed).
00:11:59 [DEBUG   ] pokemon_stencil.models.model_loader:90 – Pipeline cache cleared (0 entry/entries removed).
00:11:59 [DEBUG   ] pokemon_stencil.models.model_loader:90 – Pipeline cache cleared (0 entry/entries removed).
00:11:59 [INFO    ] pokemon_stencil.image_gen.generator:79 – Generating 2 image(s) for 'Pikachu' | steps=1 | seed=42
00:11:59 [DEBUG   ] pokemon_stencil.image_gen.generator:105 – Generated image 1/2
00:11:59 [DEBUG   ] pokemon_stencil.image_gen.generator:105 – Generated image 2/2
00:11:59 [DEBUG   ] pokemon_stencil.models.model_loader:90 – Pipeline cache cleared (0 entry/entries removed).
00:11:59 [DEBUG   ] pokemon_stencil.models.model_loader:90 – Pipeline cache cleared (0 entry/entries removed).
00:11:59 [INFO    ] pokemon_stencil.image_gen.generator:79 – Generating 3 image(s) for 'Pikachu' | steps=1 | seed=42
00:11:59 [DEBUG   ] pokemon_stencil.image_gen.generator:105 – Generated image 1/3
00:11:59 [DEBUG   ] pokemon_stencil.image_gen.generator:105 – Generated image 2/3
00:11:59 [DEBUG   ] pokemon_stencil.image_gen.generator:105 – Generated image 3/3
00:11:59 [DEBUG   ] pokemon_stencil.models.model_loader:90 – Pipeline cache cleared (0 entry/entries removed).
00:11:59 [DEBUG   ] pokemon_stencil.models.model_loader:90 – Pipeline cache cleared (0 entry/entries removed).
00:11:59 [INFO    ] pokemon_stencil.image_gen.generator:79 – Generating 1 image(s) for 'Snorlax' | steps=1 | seed=42
00:11:59 [DEBUG   ] pokemon_stencil.image_gen.generator:105 – Generated image 1/1
00:11:59 [DEBUG   ] pokemon_stencil.models.model_loader:90 – Pipeline cache cleared (0 entry/entries removed).
00:11:59 [DEBUG   ] pokemon_stencil.models.model_loader:90 – Pipeline cache cleared (0 entry/entries removed).
00:11:59 [INFO    ] pokemon_stencil.image_gen.generator:79 – Generating 1 image(s) for 'Pikachu' | steps=1 | seed=42
00:11:59 [DEBUG   ] pokemon_stencil.image_gen.generator:105 – Generated image 1/1
00:11:59 [DEBUG   ] pokemon_stencil.models.model_loader:90 – Pipeline cache cleared (0 entry/entries removed).
00:11:59 [DEBUG   ] pokemon_stencil.models.model_loader:90 – Pipeline cache cleared (0 entry/entries removed).
00:11:59 [INFO    ] pokemon_stencil.image_gen.generator:79 – Generating 1 image(s) for 'Pikachu' | steps=1 | seed=42
00:11:59 [DEBUG   ] pokemon_stencil.image_gen.generator:105 – Generated image 1/1
00:11:59 [DEBUG   ] pokemon_stencil.models.model_loader:90 – Pipeline cache cleared (0 entry/entries removed).
00:11:59 [DEBUG   ] pokemon_stencil.models.model_loader:90 – Pipeline cache cleared (0 entry/entries removed).
00:11:59 [INFO    ] pokemon_stencil.image_gen.generator:79 – Generating 1 image(s) for 'Pikachu' | steps=1 | seed=42
00:11:59 [DEBUG   ] pokemon_stencil.image_gen.generator:105 – Generated image 1/1
00:11:59 [DEBUG   ] pokemon_stencil.models.model_loader:90 – Pipeline cache cleared (0 entry/entries removed).
00:11:59 [DEBUG   ] pokemon_stencil.models.model_loader:90 – Pipeline cache cleared (0 entry/entries removed).
00:11:59 [INFO    ] pokemon_stencil.image_gen.generator:79 – Generating 1 image(s) for 'Pikachu' | steps=1 | seed=42
00:11:59 [DEBUG   ] pokemon_stencil.image_gen.generator:105 – Generated image 1/1
00:11:59 [DEBUG   ] pokemon_stencil.models.model_loader:90 – Pipeline cache cleared (0 entry/entries removed).
00:11:59 [DEBUG   ] pokemon_stencil.models.model_loader:90 – Pipeline cache cleared (0 entry/entries removed).
00:11:59 [INFO    ] pokemon_stencil.image_gen.generator:79 – Generating 1 image(s) for 'Pikachu' | steps=1 | seed=42
00:11:59 [DEBUG   ] pokemon_stencil.image_gen.generator:105 – Generated image 1/1
00:11:59 [DEBUG   ] pokemon_stencil.models.model_loader:90 – Pipeline cache cleared (0 entry/entries removed).
00:11:59 [DEBUG   ] pokemon_stencil.models.model_loader:90 – Pipeline cache cleared (0 entry/entries removed).
00:11:59 [INFO    ] pokemon_stencil.image_gen.generator:79 – Generating 1 image(s) for 'Pikachu' | steps=1 | seed=999
00:11:59 [DEBUG   ] pokemon_stencil.image_gen.generator:105 – Generated image 1/1
00:11:59 [DEBUG   ] pokemon_stencil.models.model_loader:90 – Pipeline cache cleared (0 entry/entries removed).
00:11:59 [DEBUG   ] pokemon_stencil.models.model_loader:90 – Pipeline cache cleared (0 entry/entries removed).
00:11:59 [INFO    ] pokemon_stencil.image_gen.generator:79 – Generating 1 image(s) for 'Pikachu' | steps=1 | seed=42
00:11:59 [DEBUG   ] pokemon_stencil.image_gen.generator:105 – Generated image 1/1
00:11:59 [DEBUG   ] pokemon_stencil.models.model_loader:90 – Pipeline cache cleared (0 entry/entries removed).
00:11:59 [DEBUG   ] pokemon_stencil.models.model_loader:90 – Pipeline cache cleared (0 entry/entries removed).
00:11:59 [INFO    ] pokemon_stencil.image_gen.generator:79 – Generating 1 image(s) for 'Pikachu' | steps=1 | seed=42
00:11:59 [DEBUG   ] pokemon_stencil.image_gen.generator:105 – Generated image 1/1
00:11:59 [DEBUG   ] pokemon_stencil.models.model_loader:90 – Pipeline cache cleared (0 entry/entries removed).
00:11:59 [DEBUG   ] pokemon_stencil.models.model_loader:90 – Pipeline cache cleared (0 entry/entries removed).
00:11:59 [INFO    ] pokemon_stencil.image_gen.generator:79 – Generating 1 image(s) for 'Pikachu' | steps=1 | seed=42
00:11:59 [DEBUG   ] pokemon_stencil.image_gen.generator:105 – Generated image 1/1
00:11:59 [DEBUG   ] pokemon_stencil.models.model_loader:90 – Pipeline cache cleared (0 entry/entries removed).
00:11:59 [DEBUG   ] pokemon_stencil.models.model_loader:90 – Pipeline cache cleared (0 entry/entries removed).
00:11:59 [INFO    ] pokemon_stencil.image_gen.generator:131 – Saved generated image: /tmp/pytest-of-root/pytest-1/test_saves_all_images0/out/test_000.png
00:11:59 [INFO    ] pokemon_stencil.image_gen.generator:131 – Saved generated image: /tmp/pytest-of-root/pytest-1/test_saves_all_images0/out/test_001.png
00:11:59 [INFO    ] pokemon_stencil.image_gen.generator:131 – Saved generated image: /tmp/pytest-of-root/pytest-1/test_saves_all_images0/out/test_002.png
00:11:59 [DEBUG   ] pokemon_stencil.models.model_loader:90 – Pipeline cache cleared (0 entry/entries removed).
00:11:59 [DEBUG   ] pokemon_stencil.models.model_loader:90 – Pipeline cache cleared (0 entry/entries removed).
00:11:59 [INFO    ] pokemon_stencil.image_gen.generator:131 – Saved generated image: /tmp/pytest-of-root/pytest-1/test_creates_output_dir0/nested/output/gen_000.png
00:11:59 [DEBUG   ] pokemon_stencil.models.model_loader:90 – Pipeline cache cleared (0 entry/entries removed).
00:11:59 [DEBUG   ] pokemon_stencil.models.model_loader:90 – Pipeline cache cleared (0 entry/entries removed).
00:11:59 [INFO    ] pokemon_stencil.image_gen.generator:131 – Saved generated image: /tmp/pytest-of-root/pytest-1/test_filenames_use_prefix0/gen_000.png
00:11:59 [DEBUG   ] pokemon_stencil.models.model_loader:90 – Pipeline cache cleared (0 entry/entries removed).
00:11:59 [DEBUG   ] pokemon_stencil.models.model_loader:90 – Pipeline cache cleared (0 entry/entries removed).
00:11:59 [INFO    ] pokemon_stencil.image_gen.generator:131 – Saved generated image: /tmp/pytest-of-root/pytest-1/test_filenames_zero_padded0/gen_000.png
00:11:59 [INFO    ] pokemon_stencil.image_gen.generator:131 – Saved generated image: /tmp/pytest-of-root/pytest-1/test_filenames_zero_padded0/gen_001.png
00:11:59 [DEBUG   ] pokemon_stencil.models.model_loader:90 – Pipeline cache cleared (0 entry/entries removed).
00:11:59 [DEBUG   ] pokemon_stencil.models.model_loader:90 – Pipeline cache cleared (0 entry/entries removed).
00:11:59 [INFO    ] pokemon_stencil.image_gen.generator:131 – Saved generated image: /tmp/pytest-of-root/pytest-1/test_returns_path_objects0/gen_000.png
00:11:59 [DEBUG   ] pokemon_stencil.models.model_loader:90 – Pipeline cache cleared (0 entry/entries removed).
00:11:59 [DEBUG   ] pokemon_stencil.models.model_loader:90 – Pipeline cache cleared (0 entry/entries removed).
00:11:59 [DEBUG   ] pokemon_stencil.models.model_loader:90 – Pipeline cache cleared (0 entry/entries removed).
00:11:59 [DEBUG   ] pokemon_stencil.models.model_loader:90 – Pipeline cache cleared (0 entry/entries removed).
00:11:59 [DEBUG   ] pokemon_stencil.models.model_loader:90 – Pipeline cache cleared (0 entry/entries removed).
00:11:59 [DEBUG   ] pokemon_stencil.logging_config:97 – Logging initialised (verbose=False, file=outputs/pokemon_stencil.log)
00:11:59 [DEBUG   ] pokemon_stencil.logging_config:97 – Logging initialised (verbose=True, file=outputs/pokemon_stencil.log)
00:11:59 [DEBUG   ] pokemon_stencil.logging_config:97 – Logging initialised (verbose=False, file=outputs/pokemon_stencil.log)
00:11:59 [DEBUG   ] pokemon_stencil.logging_config:97 – Logging initialised (verbose=False, file=outputs/pokemon_stencil.log)
00:11:59 [DEBUG   ] pokemon_stencil.logging_config:97 – Logging initialised (verbose=False, file=outputs/pokemon_stencil.log)
00:11:59 [DEBUG   ] pokemon_stencil.logging_config:97 – Logging initialised (verbose=False, file=outputs/pokemon_stencil.log)
00:13:05 [DEBUG   ] pokemon_stencil.logging_config:97 – Logging initialised (verbose=False, file=outputs/pokemon_stencil.log)
00:13:05 [INFO    ] pokemon_stencil.cli:169 – Command: generate | pokemon=Pikachu | count=1
00:13:05 [DEBUG   ] pokemon_stencil.logging_config:97 – Logging initialised (verbose=False, file=outputs/pokemon_stencil.log)
00:13:05 [INFO    ] pokemon_stencil.cli:331 – Command: batch | config=/tmp/pytest-of-root/pytest-2/test_invalid_json_config_exits0/bad.json | count=3 | workers=1
00:13:05 [DEBUG   ] pokemon_stencil.logging_config:97 – Logging initialised (verbose=False, file=outputs/pokemon_stencil.log)
00:13:05 [INFO    ] pokemon_stencil.cli:331 – Command: batch | config=/tmp/pytest-of-root/pytest-2/test_config_missing_name_key_e0/bad.json | count=3 | workers=1
00:13:05 [DEBUG   ] pokemon_stencil.logging_config:97 – Logging initialised (verbose=False, file=outputs/pokemon_stencil.log)
00:13:05 [INFO    ] pokemon_stencil.cli:331 – Command: batch | config=/tmp/pytest-of-root/pytest-2/test_workers_option_accepted0/cfg.json | count=3 | workers=2
00:13:05 [INFO    ] pokemon_stencil.batch.batch_runner:196 – Batch starting: 3 job(s) | workers=2 | skip_generation=False
00:13:05 [INFO    ] pokemon_stencil.batch.batch_runner:266 – Spawning 2 worker process(es).
00:13:07 [DEBUG   ] pokemon_stencil.models.model_loader:90 – Pipeline cache cleared (0 entry/entries removed).
00:13:07 [DEBUG   ] pokemon_stencil.models.model_loader:90 – Pipeline cache cleared (0 entry/entries removed).
00:13:07 [DEBUG   ] pokemon_stencil.models.model_loader:90 – Pipeline cache cleared (0 entry/entries removed).
00:13:07 [DEBUG   ] pokemon_stencil.models.model_loader:90 – Pipeline cache cleared (0 entry/entries removed).
00:13:07 [DEBUG   ] pokemon_stencil.models.model_loader:90 – Pipeline cache cleared (0 entry/entries removed).
00:13:07 [DEBUG   ] pokemon_stencil.models.model_loader:90 – Pipeline cache cleared (0 entry/entries removed).
00:13:07 [DEBUG   ] pokemon_stencil.models.model_loader:90 – Pipeline cache cleared (0 entry/entries removed).
00:13:07 [DEBUG   ] pokemon_stencil.models.model_loader:90 – Pipeline cache cleared (0 entry/entries removed).
00:13:07 [DEBUG   ] pokemon_stencil.models.model_loader:90 – Pipeline cache cleared (0 entry/entries removed).
00:13:07 [DEBUG   ] pokemon_stencil.models.model_loader:90 – Pipeline cache cleared (0 entry/entries removed).
00:13:07 [DEBUG   ] pokemon_stencil.models.model_loader:90 – Pipeline cache cleared (0 entry/entries removed).
00:13:07 [DEBUG   ] pokemon_stencil.models.model_loader:90 – Pipeline cache cleared (0 entry/entries removed).
00:13:07 [DEBUG   ] pokemon_stencil.models.model_loader:90 – Pipeline cache cleared (0 entry/entries removed).
00:13:07 [DEBUG   ] pokemon_stencil.models.model_loader:90 – Pipeline cache cleared (0 entry/entries removed).
00:13:07 [DEBUG   ] pokemon_stencil.models.model_loader:90 – Pipeline cache cleared (0 entry/entries removed).
00:13:07 [DEBUG   ] pokemon_stencil.models.model_loader:90 – Pipeline cache cleared (0 entry/entries removed).
00:13:07 [DEBUG   ] pokemon_stencil.models.model_loader:90 – Pipeline cache cleared (0 entry/entries removed).
00:13:07 [DEBUG   ] pokemon_stencil.models.model_loader:90 – Pipeline cache cleared (0 entry/entries removed).
00:13:07 [DEBUG   ] pokemon_stencil.models.model_loader:90 – Pipeline cache cleared (0 entry/entries removed).
00:13:07 [INFO    ] pokemon_stencil.image_gen.generator:79 – Generating 2 image(s) for 'Pikachu' | steps=1 | seed=42
00:13:07 [DEBUG   ] pokemon_stencil.image_gen.generator:105 – Generated image 1/2
00:13:07 [DEBUG   ] pokemon_stencil.image_gen.generator:105 – Generated image 2/2
00:13:07 [DEBUG   ] pokemon_stencil.models.model_loader:90 – Pipeline cache cleared (0 entry/entries removed).
00:13:07 [DEBUG   ] pokemon_stencil.models.model_loader:90 – Pipeline cache cleared (0 entry/entries removed).
00:13:07 [INFO    ] pokemon_stencil.image_gen.generator:79 – Generating 3 image(s) for 'Pikachu' | steps=1 | seed=42
00:13:07 [DEBUG   ] pokemon_stencil.image_gen.generator:105 – Generated image 1/3
00:13:07 [DEBUG   ] pokemon_stencil.image_gen.generator:105 – Generated image 2/3
00:13:07 [DEBUG   ] pokemon_stencil.image_gen.generator:105 – Generated image 3/3
00:13:07 [DEBUG   ] pokemon_stencil.models.model_loader:90 – Pipeline cache cleared (0 entry/entries removed).
00:13:07 [DEBUG   ] pokemon_stencil.models.model_loader:90 – Pipeline cache cleared (0 entry/entries removed).
00:13:07 [INFO    ] pokemon_stencil.image_gen.generator:79 – Generating 1 image(s) for 'Snorlax' | steps=1 | seed=42
00:13:07 [DEBUG   ] pokemon_stencil.image_gen.generator:105 – Generated image 1/1
00:13:07 [DEBUG   ] pokemon_stencil.models.model_loader:90 – Pipeline cache cleared (0 entry/entries removed).
00:13:07 [DEBUG   ] pokemon_stencil.models.model_loader:90 – Pipeline cache cleared (0 entry/entries removed).
00:13:07 [INFO    ] pokemon_stencil.image_gen.generator:79 – Generating 1 image(s) for 'Pikachu' | steps=1 | seed=42
00:13:07 [DEBUG   ] pokemon_stencil.image_gen.generator:105 – Generated image 1/1
00:13:07 [DEBUG   ] pokemon_stencil.models.model_loader:90 – Pipeline cache cleared (0 entry/entries removed).
00:13:07 [DEBUG   ] pokemon_stencil.models.model_loader:90 – Pipeline cache cleared (0 entry/entries removed).
00:13:07 [INFO    ] pokemon_stencil.image_gen.generator:79 – Generating 1 image(s) for 'Pikachu' | steps=1 | seed=42
00:13:07 [DEBUG   ] pokemon_stencil.image_gen.generator:105 – Generated image 1/1
00:13:07 [DEBUG   ] pokemon_stencil.models.model_loader:90 – Pipeline cache cleared (0 entry/entries removed).
00:13:07 [DEBUG   ] pokemon_stencil.models.model_loader:90 – Pipeline cache cleared (0 entry/entries removed).
00:13:07 [INFO    ] pokemon_stencil.image_gen.generator:79 – Generating 1 image(s) for 'Pikachu' | steps=1 | seed=42
00:13:07 [DEBUG   ] pokemon_stencil.image_gen.generator:105 – Generated image 1/1
00:13:07 [DEBUG   ] pokemon_stencil.models.model_loader:90 – Pipeline cache cleared (0 entry/entries removed).
00:13:07 [DEBUG   ] pokemon_stencil.models.model_loader:90 – Pipeline cache cleared (0 entry/entries removed).
00:13:07 [INFO    ] pokemon_stencil.image_gen.generator:79 – Generating 1 image(s) for 'Pikachu' | steps=1 | seed=42
00:13:07 [DEBUG   ] pokemon_stencil.image_gen.generator:105 – Generated image 1/1
00:13:07 [DEBUG   ] pokemon_stencil.models.model_loader:90 – Pipeline cache cleared (0 entry/entries removed).
00:13:07 [DEBUG   ] pokemon_stencil.models.model_loader:90 – Pipeline cache cleared (0 entry/entries removed).
00:13:07 [INFO    ] pokemon_stencil.image_gen.generator:79 – Generating 1 image(s) for 'Pikachu' | steps=1 | seed=42
00:13:07 [DEBUG   ] pokemon_stencil.image_gen.generator:105 – Generated image 1/1
00:13:07 [DEBUG   ] pokemon_stencil.models.model_loader:90 – Pipeline cache cleared (0 entry/entries removed).
00:13:07 [DEBUG   ] pokemon_stencil.models.model_loader:90 – Pipeline cache cleared (0 entry/entries removed).
00:13:07 [INFO    ] pokemon_stencil.image_gen.generator:79 – Generating 1 image(s) for 'Pikachu' | steps=1 | seed=999
00:13:07 [DEBUG   ] pokemon_stencil.image_gen.generator:105 – Generated image 1/1
00:13:07 [DEBUG   ] pokemon_stencil.models.model_loader:90 – Pipeline cache cleared (0 entry/entries removed).
00:13:07 [DEBUG   ] pokemon_stencil.models.model_loader:90 – Pipeline cache cleared (0 entry/entries removed).
00:13:07 [INFO    ] pokemon_stencil.image_gen.generator:79 – Generating 1 image(s) for 'Pikachu' | steps=1 | seed=42
00:13:07 [DEBUG   ] pokemon_stencil.image_gen.generator:105 – Generated image 1/1
00:13:07 [DEBUG   ] pokemon_stencil.models.model_loader:90 – Pipeline cache cleared (0 entry/entries removed).
00:13:07 [DEBUG   ] pokemon_stencil.models.model_loader:90 – Pipeline cache cleared (0 entry/entries removed).
00:13:07 [INFO    ] pokemon_stencil.image_gen.generator:79 – Generating 1 image(s) for 'Pikachu' | steps=1 | seed=42
00:13:07 [DEBUG   ] pokemon_stencil.image_gen.generator:105 – Generated image 1/1
00:13:07 [DEBUG   ] pokemon_stencil.models.model_loader:90 – Pipeline cache cleared (0 entry/entries removed).
00:13:07 [DEBUG   ] pokemon_stencil.models.model_loader:90 – Pipeline cache cleared (0 entry/entries removed).
00:13:07 [INFO    ] pokemon_stencil.image_gen.generator:79 – Generating 1 image(s) for 'Pikachu' | steps=1 | seed=42
00:13:07 [DEBUG   ] pokemon_stencil.image_gen.generator:105 – Generated image 1/1
00:13:07 [DEBUG   ] pokemon_stencil.models.model_loader:90 – Pipeline cache cleared (0 entry/entries removed).
00:13:07 [DEBUG   ] pokemon_stencil.models.model_loader:90 – Pipeline cache cleared (0 entry/entries removed).
00:13:07 [INFO    ] pokemon_stencil.image_gen.generator:131 – Saved generated image: /tmp/pytest-of-root/pytest-2/test_saves_all_images0/out/test_000.png
00:13:07 [INFO    ] pokemon_stencil.image_gen.generator:131 – Saved generated image: /tmp/pytest-of-root/pytest-2/test_saves_all_images0/out/test_001.png
00:13:07 [INFO    ] pokemon_stencil.image_gen.generator:131 – Saved generated image: /tmp/pytest-of-root/pytest-2/test_saves_all_images0/out/test_002.png
00:13:07 [DEBUG   ] pokemon_stencil.models.model_loader:90 – Pipeline cache cleared (0 entry/entries removed).
00:13:07 [DEBUG   ] pokemon_stencil.models.model_loader:90 – Pipeline cache cleared (0 entry/entries removed).
00:13:07 [INFO    ] pokemon_stencil.image_gen.generator:131 – Saved generated image: /tmp/pytest-of-root/pytest-2/test_creates_output_dir0/nested/output/gen_000.png
00:13:07 [DEBUG   ] pokemon_stencil.models.model_loader:90 – Pipeline cache cleared (0 entry/entries removed).
00:13:07 [DEBUG   ] pokemon_stencil.models.model_loader:90 – Pipeline cache cleared (0 entry/entries removed).
00:13:07 [INFO    ] pokemon_stencil.image_gen.generator:131 – Saved generated image: /tmp/pytest-of-root/pytest-2/test_filenames_use_prefix0/gen_000.png
00:13:07 [DEBUG   ] pokemon_stencil.models.model_loader:90 – Pipeline cache cleared (0 entry/entries removed).
00:13:07 [DEBUG   ] pokemon_stencil.models.model_loader:90 – Pipeline cache cleared (0 entry/entries removed).
00:13:07 [INFO    ] pokemon_stencil.image_gen.generator:131 – Saved generated image: /tmp/pytest-of-root/pytest-2/test_filenames_zero_padded0/gen_000.png
00:13:07 [INFO    ] pokemon_stencil.image_gen.generator:131 – Saved generated image: /tmp/pytest-of-root/pytest-2/test_filenames_zero_padded0/gen_001.png
00:13:07 [DEBUG   ] pokemon_stencil.models.model_loader:90 – Pipeline cache cleared (0 entry/entries removed).
00:13:07 [DEBUG   ] pokemon_stencil.models.model_loader:90 – Pipeline cache cleared (0 entry/entries removed).
00:13:07 [INFO    ] pokemon_stencil.image_gen.generator:131 – Saved generated image: /tmp/pytest-of-root/pytest-2/test_returns_path_objects0/gen_000.png
00:13:07 [DEBUG   ] pokemon_stencil.models.model_loader:90 – Pipeline cache cleared (0 entry/entries removed).
00:13:07 [DEBUG   ] pokemon_stencil.models.model_loader:90 – Pipeline cache cleared (0 entry/entries removed).
00:13:07 [DEBUG   ] pokemon_stencil.models.model_loader:90 – Pipeline cache cleared (0 entry/entries removed).
00:13:07 [DEBUG   ] pokemon_stencil.models.model_loader:90 – Pipeline cache cleared (0 entry/entries removed).
00:13:07 [DEBUG   ] pokemon_stencil.models.model_loader:90 – Pipeline cache cleared (0 entry/entries removed).
00:13:07 [DEBUG   ] pokemon_stencil.logging_config:97 – Logging initialised (verbose=False, file=outputs/pokemon_stencil.log)
00:13:07 [DEBUG   ] pokemon_stencil.logging_config:97 – Logging initialised (verbose=True, file=outputs/pokemon_stencil.log)
00:13:07 [DEBUG   ] pokemon_stencil.logging_config:97 – Logging initialised (verbose=False, file=outputs/pokemon_stencil.log)
00:13:07 [DEBUG   ] pokemon_stencil.logging_config:97 – Logging initialised (verbose=False, file=outputs/pokemon_stencil.log)
00:13:07 [DEBUG   ] pokemon_stencil.logging_config:97 – Logging initialised (verbose=False, file=outputs/pokemon_stencil.log)
00:13:07 [DEBUG   ] pokemon_stencil.logging_config:97 – Logging initialised (verbose=False, file=outputs/pokemon_stencil.log)
00:30:06 [DEBUG   ] pokemon_stencil.logging_config:97 – Logging initialised (verbose=False, file=outputs/pokemon_stencil.log)
00:30:06 [DEBUG   ] pokemon_stencil.logging_config:97 – Logging initialised (verbose=True, file=outputs/pokemon_stencil.log)
00:30:06 [DEBUG   ] pokemon_stencil.logging_config:97 – Logging initialised (verbose=False, file=outputs/pokemon_stencil.log)
00:30:06 [DEBUG   ] pokemon_stencil.logging_config:97 – Logging initialised (verbose=False, file=outputs/pokemon_stencil.log)
00:30:06 [DEBUG   ] pokemon_stencil.logging_config:97 – Logging initialised (verbose=False, file=outputs/pokemon_stencil.log)
00:30:06 [DEBUG   ] pokemon_stencil.logging_config:97 – Logging initialised (verbose=False, file=outputs/pokemon_stencil.log)
00:30:31 [DEBUG   ] pokemon_stencil.logging_config:97 – Logging initialised (verbose=False, file=outputs/pokemon_stencil.log)
00:30:31 [DEBUG   ] pokemon_stencil.logging_config:97 – Logging initialised (verbose=True, file=outputs/pokemon_stencil.log)
00:30:31 [DEBUG   ] pokemon_stencil.logging_config:97 – Logging initialised (verbose=False, file=outputs/pokemon_stencil.log)
00:30:31 [DEBUG   ] pokemon_stencil.logging_config:97 – Logging initialised (verbose=False, file=outputs/pokemon_stencil.log)
00:30:31 [DEBUG   ] pokemon_stencil.logging_config:97 – Logging initialised (verbose=False, file=outputs/pokemon_stencil.log)
00:30:31 [DEBUG   ] pokemon_stencil.logging_config:97 – Logging initialised (verbose=False, file=outputs/pokemon_stencil.log)
00:30:38 [DEBUG   ] pokemon_stencil.logging_config:97 – Logging initialised (verbose=False, file=outputs/pokemon_stencil.log)
00:30:38 [INFO    ] pokemon_stencil.cli:169 – Command: generate | pokemon=Pikachu | count=1
00:30:38 [DEBUG   ] pokemon_stencil.logging_config:97 – Logging initialised (verbose=False, file=outputs/pokemon_stencil.log)
00:30:38 [INFO    ] pokemon_stencil.cli:331 – Command: batch | config=/tmp/pytest-of-root/pytest-2/test_invalid_json_config_exits0/bad.json | count=3 | workers=1
00:30:38 [DEBUG   ] pokemon_stencil.logging_config:97 – Logging initialised (verbose=False, file=outputs/pokemon_stencil.log)
00:30:38 [INFO    ] pokemon_stencil.cli:331 – Command: batch | config=/tmp/pytest-of-root/pytest-2/test_config_missing_name_key_e0/bad.json | count=3 | workers=1
00:30:38 [DEBUG   ] pokemon_stencil.logging_config:97 – Logging initialised (verbose=False, file=outputs/pokemon_stencil.log)
00:30:38 [INFO    ] pokemon_stencil.cli:331 – Command: batch | config=/tmp/pytest-of-root/pytest-2/test_workers_option_accepted0/cfg.json | count=3 | workers=2
00:30:38 [INFO    ] pokemon_stencil.batch.batch_runner:196 – Batch starting: 3 job(s) | workers=2 | skip_generation=False
00:30:38 [INFO    ] pokemon_stencil.batch.batch_runner:266 – Spawning 2 worker process(es).
00:30:40 [DEBUG   ] pokemon_stencil.models.model_loader:90 – Pipeline cache cleared (0 entry/entries removed).
00:30:40 [DEBUG   ] pokemon_stencil.models.model_loader:90 – Pipeline cache cleared (0 entry/entries removed).
00:30:40 [DEBUG   ] pokemon_stencil.models.model_loader:90 – Pipeline cache cleared (0 entry/entries removed).
00:30:40 [DEBUG   ] pokemon_stencil.models.model_loader:90 – Pipeline cache cleared (0 entry/entries removed).
00:30:40 [DEBUG   ] pokemon_stencil.models.model_loader:90 – Pipeline cache cleared (0 entry/entries removed).
00:30:40 [DEBUG   ] pokemon_stencil.models.model_loader:90 – Pipeline cache cleared (0 entry/entries removed).
00:30:40 [DEBUG   ] pokemon_stencil.models.model_loader:90 – Pipeline cache cleared (0 entry/entries removed).
00:30:40 [DEBUG   ] pokemon_stencil.models.model_loader:90 – Pipeline cache cleared (0 entry/entries removed).
00:30:40 [DEBUG   ] pokemon_stencil.models.model_loader:90 – Pipeline cache cleared (0 entry/entries removed).
00:30:40 [DEBUG   ] pokemon_stencil.models.model_loader:90 – Pipeline cache cleared (0 entry/entries removed).
00:30:40 [DEBUG   ] pokemon_stencil.models.model_loader:90 – Pipeline cache cleared (0 entry/entries removed).
00:30:40 [DEBUG   ] pokemon_stencil.models.model_loader:90 – Pipeline cache cleared (0 entry/entries removed).
00:30:40 [DEBUG   ] pokemon_stencil.models.model_loader:90 – Pipeline cache cleared (0 entry/entries removed).
00:30:40 [DEBUG   ] pokemon_stencil.models.model_loader:90 – Pipeline cache cleared (0 entry/entries removed).
00:30:40 [DEBUG   ] pokemon_stencil.models.model_loader:90 – Pipeline cache cleared (0 entry/entries removed).
00:30:40 [DEBUG   ] pokemon_stencil.models.model_loader:90 – Pipeline cache cleared (0 entry/entries removed).
00:30:40 [DEBUG   ] pokemon_stencil.models.model_loader:90 – Pipeline cache cleared (0 entry/entries removed).
00:30:40 [DEBUG   ] pokemon_stencil.models.model_loader:90 – Pipeline cache cleared (0 entry/entries removed).
00:30:40 [DEBUG   ] pokemon_stencil.models.model_loader:90 – Pipeline cache cleared (0 entry/entries removed).
00:30:40 [INFO    ] pokemon_stencil.image_gen.generator:79 – Generating 2 image(s) for 'Pikachu' | steps=1 | seed=42
00:30:40 [DEBUG   ] pokemon_stencil.image_gen.generator:105 – Generated image 1/2
00:30:40 [DEBUG   ] pokemon_stencil.image_gen.generator:105 – Generated image 2/2
00:30:40 [DEBUG   ] pokemon_stencil.models.model_loader:90 – Pipeline cache cleared (0 entry/entries removed).
00:30:40 [DEBUG   ] pokemon_stencil.models.model_loader:90 – Pipeline cache cleared (0 entry/entries removed).
00:30:40 [INFO    ] pokemon_stencil.image_gen.generator:79 – Generating 3 image(s) for 'Pikachu' | steps=1 | seed=42
00:30:40 [DEBUG   ] pokemon_stencil.image_gen.generator:105 – Generated image 1/3
00:30:40 [DEBUG   ] pokemon_stencil.image_gen.generator:105 – Generated image 2/3
00:30:40 [DEBUG   ] pokemon_stencil.image_gen.generator:105 – Generated image 3/3
00:30:40 [DEBUG   ] pokemon_stencil.models.model_loader:90 – Pipeline cache cleared (0 entry/entries removed).
00:30:40 [DEBUG   ] pokemon_stencil.models.model_loader:90 – Pipeline cache cleared (0 entry/entries removed).
00:30:40 [INFO    ] pokemon_stencil.image_gen.generator:79 – Generating 1 image(s) for 'Snorlax' | steps=1 | seed=42
00:30:40 [DEBUG   ] pokemon_stencil.image_gen.generator:105 – Generated image 1/1
00:30:40 [DEBUG   ] pokemon_stencil.models.model_loader:90 – Pipeline cache cleared (0 entry/entries removed).
00:30:40 [DEBUG   ] pokemon_stencil.models.model_loader:90 – Pipeline cache cleared (0 entry/entries removed).
00:30:40 [INFO    ] pokemon_stencil.image_gen.generator:79 – Generating 1 image(s) for 'Pikachu' | steps=1 | seed=42
00:30:40 [DEBUG   ] pokemon_stencil.image_gen.generator:105 – Generated image 1/1
00:30:40 [DEBUG   ] pokemon_stencil.models.model_loader:90 – Pipeline cache cleared (0 entry/entries removed).
00:30:40 [DEBUG   ] pokemon_stencil.models.model_loader:90 – Pipeline cache cleared (0 entry/entries removed).
00:30:40 [INFO    ] pokemon_stencil.image_gen.generator:79 – Generating 1 image(s) for 'Pikachu' | steps=1 | seed=42
00:30:40 [DEBUG   ] pokemon_stencil.image_gen.generator:105 – Generated image 1/1
00:30:40 [DEBUG   ] pokemon_stencil.models.model_loader:90 – Pipeline cache cleared (0 entry/entries removed).
00:30:40 [DEBUG   ] pokemon_stencil.models.model_loader:90 – Pipeline cache cleared (0 entry/entries removed).
00:30:40 [INFO    ] pokemon_stencil.image_gen.generator:79 – Generating 1 image(s) for 'Pikachu' | steps=1 | seed=42
00:30:40 [DEBUG   ] pokemon_stencil.image_gen.generator:105 – Generated image 1/1
00:30:40 [DEBUG   ] pokemon_stencil.models.model_loader:90 – Pipeline cache cleared (0 entry/entries removed).
00:30:40 [DEBUG   ] pokemon_stencil.models.model_loader:90 – Pipeline cache cleared (0 entry/entries removed).
00:30:40 [INFO    ] pokemon_stencil.image_gen.generator:79 – Generating 1 image(s) for 'Pikachu' | steps=1 | seed=42
00:30:40 [DEBUG   ] pokemon_stencil.image_gen.generator:105 – Generated image 1/1
00:30:40 [DEBUG   ] pokemon_stencil.models.model_loader:90 – Pipeline cache cleared (0 entry/entries removed).
00:30:40 [DEBUG   ] pokemon_stencil.models.model_loader:90 – Pipeline cache cleared (0 entry/entries removed).
00:30:40 [INFO    ] pokemon_stencil.image_gen.generator:79 – Generating 1 image(s) for 'Pikachu' | steps=1 | seed=42
00:30:40 [DEBUG   ] pokemon_stencil.image_gen.generator:105 – Generated image 1/1
00:30:40 [DEBUG   ] pokemon_stencil.models.model_loader:90 – Pipeline cache cleared (0 entry/entries removed).
00:30:40 [DEBUG   ] pokemon_stencil.models.model_loader:90 – Pipeline cache cleared (0 entry/entries removed).
00:30:40 [INFO    ] pokemon_stencil.image_gen.generator:79 – Generating 1 image(s) for 'Pikachu' | steps=1 | seed=999
00:30:40 [DEBUG   ] pokemon_stencil.image_gen.generator:105 – Generated image 1/1
00:30:40 [DEBUG   ] pokemon_stencil.models.model_loader:90 – Pipeline cache cleared (0 entry/entries removed).
00:30:40 [DEBUG   ] pokemon_stencil.models.model_loader:90 – Pipeline cache cleared (0 entry/entries removed).
00:30:40 [INFO    ] pokemon_stencil.image_gen.generator:79 – Generating 1 image(s) for 'Pikachu' | steps=1 | seed=42
00:30:40 [DEBUG   ] pokemon_stencil.image_gen.generator:105 – Generated image 1/1
00:30:40 [DEBUG   ] pokemon_stencil.models.model_loader:90 – Pipeline cache cleared (0 entry/entries removed).
00:30:40 [DEBUG   ] pokemon_stencil.models.model_loader:90 – Pipeline cache cleared (0 entry/entries removed).
00:30:40 [INFO    ] pokemon_stencil.image_gen.generator:79 – Generating 1 image(s) for 'Pikachu' | steps=1 | seed=42
00:30:40 [DEBUG   ] pokemon_stencil.image_gen.generator:105 – Generated image 1/1
00:30:40 [DEBUG   ] pokemon_stencil.models.model_loader:90 – Pipeline cache cleared (0 entry/entries removed).
00:30:40 [DEBUG   ] pokemon_stencil.models.model_loader:90 – Pipeline cache cleared (0 entry/entries removed).
00:30:40 [INFO    ] pokemon_stencil.image_gen.generator:79 – Generating 1 image(s) for 'Pikachu' | steps=1 | seed=42
00:30:40 [DEBUG   ] pokemon_stencil.image_gen.generator:105 – Generated image 1/1
00:30:40 [DEBUG   ] pokemon_stencil.models.model_loader:90 – Pipeline cache cleared (0 entry/entries removed).
00:30:40 [DEBUG   ] pokemon_stencil.models.model_loader:90 – Pipeline cache cleared (0 entry/entries removed).
00:30:40 [INFO    ] pokemon_stencil.image_gen.generator:131 – Saved generated image: /tmp/pytest-of-root/pytest-2/test_saves_all_images0/out/test_000.png
00:30:40 [INFO    ] pokemon_stencil.image_gen.generator:131 – Saved generated image: /tmp/pytest-of-root/pytest-2/test_saves_all_images0/out/test_001.png
00:30:40 [INFO    ] pokemon_stencil.image_gen.generator:131 – Saved generated image: /tmp/pytest-of-root/pytest-2/test_saves_all_images0/out/test_002.png
00:30:40 [DEBUG   ] pokemon_stencil.models.model_loader:90 – Pipeline cache cleared (0 entry/entries removed).
00:30:40 [DEBUG   ] pokemon_stencil.models.model_loader:90 – Pipeline cache cleared (0 entry/entries removed).
00:30:40 [INFO    ] pokemon_stencil.image_gen.generator:131 – Saved generated image: /tmp/pytest-of-root/pytest-2/test_creates_output_dir0/nested/output/gen_000.png
00:30:40 [DEBUG   ] pokemon_stencil.models.model_loader:90 – Pipeline cache cleared (0 entry/entries removed).
00:30:40 [DEBUG   ] pokemon_stencil.models.model_loader:90 – Pipeline cache cleared (0 entry/entries removed).
00:30:40 [INFO    ] pokemon_stencil.image_gen.generator:131 – Saved generated image: /tmp/pytest-of-root/pytest-2/test_filenames_use_prefix0/gen_000.png
00:30:40 [DEBUG   ] pokemon_stencil.models.model_loader:90 – Pipeline cache cleared (0 entry/entries removed).
00:30:40 [DEBUG   ] pokemon_stencil.models.model_loader:90 – Pipeline cache cleared (0 entry/entries removed).
00:30:40 [INFO    ] pokemon_stencil.image_gen.generator:131 – Saved generated image: /tmp/pytest-of-root/pytest-2/test_filenames_zero_padded0/gen_000.png
00:30:40 [INFO    ] pokemon_stencil.image_gen.generator:131 – Saved generated image: /tmp/pytest-of-root/pytest-2/test_filenames_zero_padded0/gen_001.png
00:30:40 [DEBUG   ] pokemon_stencil.models.model_loader:90 – Pipeline cache cleared (0 entry/entries removed).
00:30:40 [DEBUG   ] pokemon_stencil.models.model_loader:90 – Pipeline cache cleared (0 entry/entries removed).
00:30:40 [INFO    ] pokemon_stencil.image_gen.generator:131 – Saved generated image: /tmp/pytest-of-root/pytest-2/test_returns_path_objects0/gen_000.png
00:30:40 [DEBUG   ] pokemon_stencil.models.model_loader:90 – Pipeline cache cleared (0 entry/entries removed).
00:30:40 [DEBUG   ] pokemon_stencil.models.model_loader:90 – Pipeline cache cleared (0 entry/entries removed).
00:30:40 [DEBUG   ] pokemon_stencil.models.model_loader:90 – Pipeline cache cleared (0 entry/entries removed).
00:30:40 [DEBUG   ] pokemon_stencil.models.model_loader:90 – Pipeline cache cleared (0 entry/entries removed).
00:30:40 [DEBUG   ] pokemon_stencil.models.model_loader:90 – Pipeline cache cleared (0 entry/entries removed).
00:30:40 [DEBUG   ] pokemon_stencil.stencil.layer_builder:75 – Layer 0: stencil safety applied.
00:30:40 [DEBUG   ] pokemon_stencil.stencil.layer_builder:75 – Layer 1: stencil safety applied.
00:30:40 [DEBUG   ] pokemon_stencil.stencil.layer_builder:75 – Layer 2: stencil safety applied.
00:30:40 [DEBUG   ] pokemon_stencil.stencil.layer_builder:75 – Layer 0: stencil safety applied.
00:30:40 [DEBUG   ] pokemon_stencil.stencil.layer_builder:75 – Layer 0: stencil safety applied.
00:30:40 [DEBUG   ] pokemon_stencil.stencil.layer_builder:75 – Layer 1: stencil safety applied.
00:30:40 [DEBUG   ] pokemon_stencil.stencil.layer_builder:75 – Layer 2: stencil safety applied.
00:30:40 [DEBUG   ] pokemon_stencil.stencil.layer_builder:75 – Layer 3: stencil safety applied.
00:30:40 [DEBUG   ] pokemon_stencil.stencil.layer_builder:75 – Layer 0: stencil safety applied.
00:30:40 [DEBUG   ] pokemon_stencil.stencil.layer_builder:75 – Layer 0: stencil safety applied.
00:30:40 [DEBUG   ] pokemon_stencil.stencil.layer_builder:75 – Layer 0: stencil safety applied.
00:30:40 [DEBUG   ] pokemon_stencil.stencil.layer_builder:75 – Layer 0: stencil safety applied.
00:30:40 [DEBUG   ] pokemon_stencil.stencil.layer_builder:75 – Layer 0: stencil safety applied.
00:30:40 [DEBUG   ] pokemon_stencil.stencil.layer_builder:158 – Bridge added for component 1 (centroid=31,31)
00:30:40 [DEBUG   ] pokemon_stencil.stencil.layer_builder:75 – Layer 0: stencil safety applied.
00:30:40 [DEBUG   ] pokemon_stencil.stencil.layer_builder:75 – Layer 0: stencil safety applied.
00:30:40 [DEBUG   ] pokemon_stencil.stencil.layer_builder:75 – Layer 0: stencil safety applied.
00:30:40 [DEBUG   ] pokemon_stencil.stencil.layer_builder:75 – Layer 0: stencil safety applied.
00:30:40 [DEBUG   ] pokemon_stencil.stencil.layer_builder:158 – Bridge added for component 1 (centroid=31,31)
00:30:40 [DEBUG   ] pokemon_stencil.stencil.layer_builder:75 – Layer 0: stencil safety applied.
00:30:40 [DEBUG   ] pokemon_stencil.stencil.layer_builder:158 – Bridge added for component 1 (centroid=14,14)
00:30:40 [DEBUG   ] pokemon_stencil.stencil.layer_builder:158 – Bridge added for component 2 (centroid=48,48)
00:30:40 [DEBUG   ] pokemon_stencil.stencil.layer_builder:75 – Layer 0: stencil safety applied.
00:30:40 [DEBUG   ] pokemon_stencil.stencil.layer_builder:75 – Layer 0: stencil safety applied.
00:30:40 [DEBUG   ] pokemon_stencil.stencil.layer_builder:75 – Layer 0: stencil safety applied.
00:30:40 [DEBUG   ] pokemon_stencil.stencil.layer_builder:75 – Layer 0: stencil safety applied.
00:30:40 [DEBUG   ] pokemon_stencil.stencil.layer_builder:75 – Layer 1: stencil safety applied.
00:30:40 [DEBUG   ] pokemon_stencil.stencil.layer_builder:75 – Layer 2: stencil safety applied.
00:30:40 [DEBUG   ] pokemon_stencil.stencil.layer_builder:75 – Layer 0: stencil safety applied.
00:30:40 [DEBUG   ] pokemon_stencil.stencil.layer_builder:75 – Layer 0: stencil safety applied.
00:30:40 [DEBUG   ] pokemon_stencil.logging_config:97 – Logging initialised (verbose=False, file=outputs/pokemon_stencil.log)
00:30:40 [DEBUG   ] pokemon_stencil.logging_config:97 – Logging initialised (verbose=True, file=outputs/pokemon_stencil.log)
00:30:40 [DEBUG   ] pokemon_stencil.logging_config:97 – Logging initialised (verbose=False, file=outputs/pokemon_stencil.log)
00:30:40 [DEBUG   ] pokemon_stencil.logging_config:97 – Logging initialised (verbose=False, file=outputs/pokemon_stencil.log)
00:30:40 [DEBUG   ] pokemon_stencil.logging_config:97 – Logging initialised (verbose=False, file=outputs/pokemon_stencil.log)
00:30:40 [DEBUG   ] pokemon_stencil.logging_config:97 – Logging initialised (verbose=False, file=outputs/pokemon_stencil.log)
00:57:40 [DEBUG   ] pokemon_stencil.logging_config:97 – Logging initialised (verbose=False, file=outputs/pokemon_stencil.log)
00:57:40 [INFO    ] pokemon_stencil.cli:170 – Command: generate | pokemon=Pikachu | count=1
00:57:40 [DEBUG   ] pokemon_stencil.logging_config:97 – Logging initialised (verbose=False, file=outputs/pokemon_stencil.log)
00:57:40 [INFO    ] pokemon_stencil.cli:332 – Command: batch | config=/tmp/pytest-of-root/pytest-3/test_invalid_json_config_exits0/bad.json | count=3 | workers=1
00:57:40 [DEBUG   ] pokemon_stencil.logging_config:97 – Logging initialised (verbose=False, file=outputs/pokemon_stencil.log)
00:57:40 [INFO    ] pokemon_stencil.cli:332 – Command: batch | config=/tmp/pytest-of-root/pytest-3/test_config_missing_name_key_e0/bad.json | count=3 | workers=1
00:57:40 [DEBUG   ] pokemon_stencil.logging_config:97 – Logging initialised (verbose=False, file=outputs/pokemon_stencil.log)
00:57:40 [INFO    ] pokemon_stencil.cli:332 – Command: batch | config=/tmp/pytest-of-root/pytest-3/test_workers_option_accepted0/cfg.json | count=3 | workers=2
00:57:40 [INFO    ] pokemon_stencil.batch.batch_runner:196 – Batch starting: 3 job(s) | workers=2 | skip_generation=False
00:57:40 [INFO    ] pokemon_stencil.batch.batch_runner:266 – Spawning 2 worker process(es).
00:57:42 [INFO    ] pokemon_stencil.factory.factory_runner:228 – FactoryRunner.run | pokemon=Pikachu | count=2 | top_k=1 | workers=1
00:57:42 [INFO    ] pokemon_stencil.image_proc.loader:75 – Found 3 reference image(s) in /tmp/pytest-of-root/pytest-3/test_returns_factory_result0/refs
00:57:42 [DEBUG   ] pokemon_stencil.image_proc.loader:138 – Loaded: /tmp/pytest-of-root/pytest-3/test_returns_factory_result0/refs/ref_00.png
00:57:42 [DEBUG   ] pokemon_stencil.image_proc.loader:138 – Loaded: /tmp/pytest-of-root/pytest-3/test_returns_factory_result0/refs/ref_01.png
00:57:42 [DEBUG   ] pokemon_stencil.image_proc.loader:138 – Loaded: /tmp/pytest-of-root/pytest-3/test_returns_factory_result0/refs/ref_02.png
00:57:42 [INFO    ] pokemon_stencil.image_proc.loader:102 – Loaded 3 valid reference image(s).
00:57:43 [DEBUG   ] pokemon_stencil.image_gen.style_transfer:60 – Style transfer complete.
00:57:43 [DEBUG   ] pokemon_stencil.image_proc.simplifier:64 – Simplification complete; output size: (32, 32)
00:57:43 [DEBUG   ] pokemon_stencil.factory.scoring:95 – Score: clarity=0.312 component=1.000 contrast=1.000 → 0.725
00:57:43 [DEBUG   ] pokemon_stencil.factory.factory_runner:306 – Candidate 0 scored 0.725.
00:57:43 [INFO    ] pokemon_stencil.image_proc.loader:75 – Found 3 reference image(s) in /tmp/pytest-of-root/pytest-3/test_returns_factory_result0/refs
00:57:43 [DEBUG   ] pokemon_stencil.image_proc.loader:138 – Loaded: /tmp/pytest-of-root/pytest-3/test_returns_factory_result0/refs/ref_00.png
00:57:43 [DEBUG   ] pokemon_stencil.image_proc.loader:138 – Loaded: /tmp/pytest-of-root/pytest-3/test_returns_factory_result0/refs/ref_01.png
00:57:43 [DEBUG   ] pokemon_stencil.image_proc.loader:138 – Loaded: /tmp/pytest-of-root/pytest-3/test_returns_factory_result0/refs/ref_02.png
00:57:43 [INFO    ] pokemon_stencil.image_proc.loader:102 – Loaded 3 valid reference image(s).
00:57:43 [DEBUG   ] pokemon_stencil.image_gen.style_transfer:60 – Style transfer complete.
00:57:43 [DEBUG   ] pokemon_stencil.image_proc.simplifier:64 – Simplification complete; output size: (32, 32)
00:57:43 [DEBUG   ] pokemon_stencil.factory.scoring:95 – Score: clarity=0.312 component=1.000 contrast=1.000 → 0.725
00:57:43 [DEBUG   ] pokemon_stencil.factory.factory_runner:306 – Candidate 1 scored 0.725.
00:57:43 [INFO    ] pokemon_stencil.factory.factory_runner:247 – Selected 1/2 valid candidates for stencil conversion.
00:57:43 [INFO    ] pokemon_stencil.factory.factory_runner:263 – Stencil pipeline | rank=0 | candidate=0 | score=0.725 | run=pikachu_00
00:57:43 [DEBUG   ] pokemon_stencil.image_proc.segmenter:116 – Layer 0 | colour=(255, 255, 255) | pixels=512 (50.0%)
00:57:43 [DEBUG   ] pokemon_stencil.image_proc.segmenter:116 – Layer 1 | colour=(0, 0, 0) | pixels=512 (50.0%)
00:57:43 [INFO    ] pokemon_stencil.image_proc.segmenter:128 – Segmentation produced 2 layer(s).
00:57:43 [INFO    ] pokemon_stencil.factory.factory_runner:436 – 2 colour layer(s) for pikachu_00.
00:57:43 [DEBUG   ] pokemon_stencil.stencil.layer_builder:75 – Layer 0: stencil safety applied.
00:57:43 [DEBUG   ] pokemon_stencil.stencil.layer_builder:75 – Layer 1: stencil safety applied.
00:57:43 [WARNING ] pokemon_stencil.vector.tracer:66 – pypotrace not available – using OpenCV contour fallback.
00:57:43 [DEBUG   ] pokemon_stencil.vector.path_builder:61 – Layer 0 traced: 1 path(s) found.
00:57:43 [WARNING ] pokemon_stencil.vector.tracer:66 – pypotrace not available – using OpenCV contour fallback.
00:57:43 [DEBUG   ] pokemon_stencil.vector.path_builder:61 – Layer 1 traced: 1 path(s) found.
00:57:43 [DEBUG   ] pokemon_stencil.stencil.svg_exporter:91 – Wrote layer SVG: /tmp/pytest-of-root/pytest-3/test_returns_factory_result0/pikachu_00/svg/img000_layer00.svg
00:57:43 [DEBUG   ] pokemon_stencil.stencil.svg_exporter:91 – Wrote layer SVG: /tmp/pytest-of-root/pytest-3/test_returns_factory_result0/pikachu_00/svg/img000_layer01.svg
00:57:43 [DEBUG   ] pokemon_stencil.stencil.svg_exporter:99 – Wrote combined SVG: /tmp/pytest-of-root/pytest-3/test_returns_factory_result0/pikachu_00/svg/img000_combined.svg
00:57:43 [INFO    ] pokemon_stencil.factory.factory_runner:228 – FactoryRunner.run | pokemon=Gengar | count=2 | top_k=1 | workers=1
00:57:43 [INFO    ] pokemon_stencil.image_proc.loader:75 – Found 3 reference image(s) in /tmp/pytest-of-root/pytest-3/test_pokemon_name_in_result0/refs
00:57:43 [DEBUG   ] pokemon_stencil.image_proc.loader:138 – Loaded: /tmp/pytest-of-root/pytest-3/test_pokemon_name_in_result0/refs/ref_00.png
00:57:43 [DEBUG   ] pokemon_stencil.image_proc.loader:138 – Loaded: /tmp/pytest-of-root/pytest-3/test_pokemon_name_in_result0/refs/ref_01.png
00:57:43 [DEBUG   ] pokemon_stencil.image_proc.loader:138 – Loaded: /tmp/pytest-of-root/pytest-3/test_pokemon_name_in_result0/refs/ref_02.png
00:57:43 [INFO    ] pokemon_stencil.image_proc.loader:102 – Loaded 3 valid reference image(s).
00:57:43 [DEBUG   ] pokemon_stencil.image_gen.style_transfer:60 – Style transfer complete.
00:57:43 [DEBUG   ] pokemon_stencil.image_proc.simplifier:64 – Simplification complete; output size: (32, 32)
00:57:43 [DEBUG   ] pokemon_stencil.factory.scoring:95 – Score: clarity=0.312 component=1.000 contrast=1.000 → 0.725
00:57:43 [DEBUG   ] pokemon_stencil.factory.factory_runner:306 – Candidate 0 scored 0.725.
00:57:43 [INFO    ] pokemon_stencil.image_proc.loader:75 – Found 3 reference image(s) in /tmp/pytest-of-root/pytest-3/test_pokemon_name_in_result0/refs
00:57:43 [DEBUG   ] pokemon_stencil.image_proc.loader:138 – Loaded: /tmp/pytest-of-root/pytest-3/test_pokemon_name_in_result0/refs/ref_00.png
00:57:43 [DEBUG   ] pokemon_stencil.image_proc.loader:138 – Loaded: /tmp/pytest-of-root/pytest-3/test_pokemon_name_in_result0/refs/ref_01.png
00:57:43 [DEBUG   ] pokemon_stencil.image_proc.loader:138 – Loaded: /tmp/pytest-of-root/pytest-3/test_pokemon_name_in_result0/refs/ref_02.png
00:57:43 [INFO    ] pokemon_stencil.image_proc.loader:102 – Loaded 3 valid reference image(s).
00:57:43 [DEBUG   ] pokemon_stencil.image_gen.style_transfer:60 – Style transfer complete.
00:57:43 [DEBUG   ] pokemon_stencil.image_proc.simplifier:64 – Simplification complete; output size: (32, 32)
00:57:43 [DEBUG   ] pokemon_stencil.factory.scoring:95 – Score: clarity=0.312 component=1.000 contrast=1.000 → 0.725
00:57:43 [DEBUG   ] pokemon_stencil.factory.factory_runner:306 – Candidate 1 scored 0.725.
00:57:43 [INFO    ] pokemon_stencil.factory.factory_runner:247 – Selected 1/2 valid candidates for stencil conversion.
00:57:43 [INFO    ] pokemon_stencil.factory.factory_runner:263 – Stencil pipeline | rank=0 | candidate=0 | score=0.725 | run=gengar_00
00:57:43 [DEBUG   ] pokemon_stencil.image_proc.segmenter:116 – Layer 0 | colour=(255, 255, 255) | pixels=512 (50.0%)
00:57:43 [DEBUG   ] pokemon_stencil.image_proc.segmenter:116 – Layer 1 | colour=(0, 0, 0) | pixels=512 (50.0%)
00:57:43 [INFO    ] pokemon_stencil.image_proc.segmenter:128 – Segmentation produced 2 layer(s).
00:57:43 [INFO    ] pokemon_stencil.factory.factory_runner:436 – 2 colour layer(s) for gengar_00.
00:57:43 [DEBUG   ] pokemon_stencil.stencil.layer_builder:75 – Layer 0: stencil safety applied.
00:57:43 [DEBUG   ] pokemon_stencil.stencil.layer_builder:75 – Layer 1: stencil safety applied.
00:57:43 [WARNING ] pokemon_stencil.vector.tracer:66 – pypotrace not available – using OpenCV contour fallback.
00:57:43 [DEBUG   ] pokemon_stencil.vector.path_builder:61 – Layer 0 traced: 1 path(s) found.
00:57:43 [WARNING ] pokemon_stencil.vector.tracer:66 – pypotrace not available – using OpenCV contour fallback.
00:57:43 [DEBUG   ] pokemon_stencil.vector.path_builder:61 – Layer 1 traced: 1 path(s) found.
00:57:43 [DEBUG   ] pokemon_stencil.stencil.svg_exporter:91 – Wrote layer SVG: /tmp/pytest-of-root/pytest-3/test_pokemon_name_in_result0/gengar_00/svg/img000_layer00.svg
00:57:43 [DEBUG   ] pokemon_stencil.stencil.svg_exporter:91 – Wrote layer SVG: /tmp/pytest-of-root/pytest-3/test_pokemon_name_in_result0/gengar_00/svg/img000_layer01.svg
00:57:43 [DEBUG   ] pokemon_stencil.stencil.svg_exporter:99 – Wrote combined SVG: /tmp/pytest-of-root/pytest-3/test_pokemon_name_in_result0/gengar_00/svg/img000_combined.svg
00:57:43 [INFO    ] pokemon_stencil.factory.factory_runner:228 – FactoryRunner.run | pokemon=Pikachu | count=3 | top_k=1 | workers=1
00:57:43 [INFO    ] pokemon_stencil.image_proc.loader:75 – Found 3 reference image(s) in /tmp/pytest-of-root/pytest-3/test_total_candidates_recorded0/refs
00:57:43 [DEBUG   ] pokemon_stencil.image_proc.loader:138 – Loaded: /tmp/pytest-of-root/pytest-3/test_total_candidates_recorded0/refs/ref_00.png
00:57:43 [DEBUG   ] pokemon_stencil.image_proc.loader:138 – Loaded: /tmp/pytest-of-root/pytest-3/test_total_candidates_recorded0/refs/ref_01.png
00:57:43 [DEBUG   ] pokemon_stencil.image_proc.loader:138 – Loaded: /tmp/pytest-of-root/pytest-3/test_total_candidates_recorded0/refs/ref_02.png
00:57:43 [INFO    ] pokemon_stencil.image_proc.loader:102 – Loaded 3 valid reference image(s).
00:57:43 [DEBUG   ] pokemon_stencil.image_gen.style_transfer:60 – Style transfer complete.
00:57:43 [DEBUG   ] pokemon_stencil.image_proc.simplifier:64 – Simplification complete; output size: (32, 32)
00:57:43 [DEBUG   ] pokemon_stencil.factory.scoring:95 – Score: clarity=0.312 component=1.000 contrast=1.000 → 0.725
00:57:43 [DEBUG   ] pokemon_stencil.factory.factory_runner:306 – Candidate 0 scored 0.725.
00:57:43 [INFO    ] pokemon_stencil.image_proc.loader:75 – Found 3 reference image(s) in /tmp/pytest-of-root/pytest-3/test_total_candidates_recorded0/refs
00:57:43 [DEBUG   ] pokemon_stencil.image_proc.loader:138 – Loaded: /tmp/pytest-of-root/pytest-3/test_total_candidates_recorded0/refs/ref_00.png
00:57:43 [DEBUG   ] pokemon_stencil.image_proc.loader:138 – Loaded: /tmp/pytest-of-root/pytest-3/test_total_candidates_recorded0/refs/ref_01.png
00:57:43 [DEBUG   ] pokemon_stencil.image_proc.loader:138 – Loaded: /tmp/pytest-of-root/pytest-3/test_total_candidates_recorded0/refs/ref_02.png
00:57:43 [INFO    ] pokemon_stencil.image_proc.loader:102 – Loaded 3 valid reference image(s).
00:57:43 [DEBUG   ] pokemon_stencil.image_gen.style_transfer:60 – Style transfer complete.
00:57:43 [DEBUG   ] pokemon_stencil.image_proc.simplifier:64 – Simplification complete; output size: (32, 32)
00:57:43 [DEBUG   ] pokemon_stencil.factory.scoring:95 – Score: clarity=0.312 component=1.000 contrast=1.000 → 0.725
00:57:43 [DEBUG   ] pokemon_stencil.factory.factory_runner:306 – Candidate 1 scored 0.725.
00:57:43 [INFO    ] pokemon_stencil.image_proc.loader:75 – Found 3 reference image(s) in /tmp/pytest-of-root/pytest-3/test_total_candidates_recorded0/refs
00:57:43 [DEBUG   ] pokemon_stencil.image_proc.loader:138 – Loaded: /tmp/pytest-of-root/pytest-3/test_total_candidates_recorded0/refs/ref_00.png
00:57:43 [DEBUG   ] pokemon_stencil.image_proc.loader:138 – Loaded: /tmp/pytest-of-root/pytest-3/test_total_candidates_recorded0/refs/ref_01.png
00:57:43 [DEBUG   ] pokemon_stencil.image_proc.loader:138 – Loaded: /tmp/pytest-of-root/pytest-3/test_total_candidates_recorded0/refs/ref_02.png
00:57:43 [INFO    ] pokemon_stencil.image_proc.loader:102 – Loaded 3 valid reference image(s).
00:57:43 [DEBUG   ] pokemon_stencil.image_gen.style_transfer:60 – Style transfer complete.
00:57:43 [DEBUG   ] pokemon_stencil.image_proc.simplifier:64 – Simplification complete; output size: (32, 32)
00:57:43 [DEBUG   ] pokemon_stencil.factory.scoring:95 – Score: clarity=0.312 component=1.000 contrast=1.000 → 0.725
00:57:43 [DEBUG   ] pokemon_stencil.factory.factory_runner:306 – Candidate 2 scored 0.725.
00:57:43 [INFO    ] pokemon_stencil.factory.factory_runner:247 – Selected 1/3 valid candidates for stencil conversion.
00:57:43 [INFO    ] pokemon_stencil.factory.factory_runner:263 – Stencil pipeline | rank=0 | candidate=0 | score=0.725 | run=pikachu_00
00:57:43 [DEBUG   ] pokemon_stencil.image_proc.segmenter:116 – Layer 0 | colour=(255, 255, 255) | pixels=512 (50.0%)
00:57:43 [DEBUG   ] pokemon_stencil.image_proc.segmenter:116 – Layer 1 | colour=(0, 0, 0) | pixels=512 (50.0%)
00:57:43 [INFO    ] pokemon_stencil.image_proc.segmenter:128 – Segmentation produced 2 layer(s).
00:57:43 [INFO    ] pokemon_stencil.factory.factory_runner:436 – 2 colour layer(s) for pikachu_00.
00:57:43 [DEBUG   ] pokemon_stencil.stencil.layer_builder:75 – Layer 0: stencil safety applied.
00:57:43 [DEBUG   ] pokemon_stencil.stencil.layer_builder:75 – Layer 1: stencil safety applied.
00:57:43 [WARNING ] pokemon_stencil.vector.tracer:66 – pypotrace not available – using OpenCV contour fallback.
00:57:43 [DEBUG   ] pokemon_stencil.vector.path_builder:61 – Layer 0 traced: 1 path(s) found.
00:57:43 [WARNING ] pokemon_stencil.vector.tracer:66 – pypotrace not available – using OpenCV contour fallback.
00:57:43 [DEBUG   ] pokemon_stencil.vector.path_builder:61 – Layer 1 traced: 1 path(s) found.
00:57:43 [DEBUG   ] pokemon_stencil.stencil.svg_exporter:91 – Wrote layer SVG: /tmp/pytest-of-root/pytest-3/test_total_candidates_recorded0/pikachu_00/svg/img000_layer00.svg
00:57:43 [DEBUG   ] pokemon_stencil.stencil.svg_exporter:91 – Wrote layer SVG: /tmp/pytest-of-root/pytest-3/test_total_candidates_recorded0/pikachu_00/svg/img000_layer01.svg
00:57:43 [DEBUG   ] pokemon_stencil.stencil.svg_exporter:99 – Wrote combined SVG: /tmp/pytest-of-root/pytest-3/test_total_candidates_recorded0/pikachu_00/svg/img000_combined.svg
00:57:43 [INFO    ] pokemon_stencil.factory.factory_runner:228 – FactoryRunner.run | pokemon=Pikachu | count=3 | top_k=2 | workers=1
00:57:43 [INFO    ] pokemon_stencil.image_proc.loader:75 – Found 3 reference image(s) in /tmp/pytest-of-root/pytest-3/test_top_k_recorded0/refs
00:57:43 [DEBUG   ] pokemon_stencil.image_proc.loader:138 – Loaded: /tmp/pytest-of-root/pytest-3/test_top_k_recorded0/refs/ref_00.png
00:57:43 [DEBUG   ] pokemon_stencil.image_proc.loader:138 – Loaded: /tmp/pytest-of-root/pytest-3/test_top_k_recorded0/refs/ref_01.png
00:57:43 [DEBUG   ] pokemon_stencil.image_proc.loader:138 – Loaded: /tmp/pytest-of-root/pytest-3/test_top_k_recorded0/refs/ref_02.png
00:57:43 [INFO    ] pokemon_stencil.image_proc.loader:102 – Loaded 3 valid reference image(s).
00:57:43 [DEBUG   ] pokemon_stencil.image_gen.style_transfer:60 – Style transfer complete.
00:57:43 [DEBUG   ] pokemon_stencil.image_proc.simplifier:64 – Simplification complete; output size: (32, 32)
00:57:43 [DEBUG   ] pokemon_stencil.factory.scoring:95 – Score: clarity=0.312 component=1.000 contrast=1.000 → 0.725
00:57:43 [DEBUG   ] pokemon_stencil.factory.factory_runner:306 – Candidate 0 scored 0.725.
00:57:43 [INFO    ] pokemon_stencil.image_proc.loader:75 – Found 3 reference image(s) in /tmp/pytest-of-root/pytest-3/test_top_k_recorded0/refs
00:57:43 [DEBUG   ] pokemon_stencil.image_proc.loader:138 – Loaded: /tmp/pytest-of-root/pytest-3/test_top_k_recorded0/refs/ref_00.png
00:57:43 [DEBUG   ] pokemon_stencil.image_proc.loader:138 – Loaded: /tmp/pytest-of-root/pytest-3/test_top_k_recorded0/refs/ref_01.png
00:57:43 [DEBUG   ] pokemon_stencil.image_proc.loader:138 – Loaded: /tmp/pytest-of-root/pytest-3/test_top_k_recorded0/refs/ref_02.png
00:57:43 [INFO    ] pokemon_stencil.image_proc.loader:102 – Loaded 3 valid reference image(s).
00:57:43 [DEBUG   ] pokemon_stencil.image_gen.style_transfer:60 – Style transfer complete.
00:57:43 [DEBUG   ] pokemon_stencil.image_proc.simplifier:64 – Simplification complete; output size: (32, 32)
00:57:43 [DEBUG   ] pokemon_stencil.factory.scoring:95 – Score: clarity=0.312 component=1.000 contrast=1.000 → 0.725
00:57:43 [DEBUG   ] pokemon_stencil.factory.factory_runner:306 – Candidate 1 scored 0.725.
00:57:43 [INFO    ] pokemon_stencil.image_proc.loader:75 – Found 3 reference image(s) in /tmp/pytest-of-root/pytest-3/test_top_k_recorded0/refs
00:57:43 [DEBUG   ] pokemon_stencil.image_proc.loader:138 – Loaded: /tmp/pytest-of-root/pytest-3/test_top_k_recorded0/refs/ref_00.png
00:57:43 [DEBUG   ] pokemon_stencil.image_proc.loader:138 – Loaded: /tmp/pytest-of-root/pytest-3/test_top_k_recorded0/refs/ref_01.png
00:57:43 [DEBUG   ] pokemon_stencil.image_proc.loader:138 – Loaded: /tmp/pytest-of-root/pytest-3/test_top_k_recorded0/refs/ref_02.png
00:57:43 [INFO    ] pokemon_stencil.image_proc.loader:102 – Loaded 3 valid reference image(s).
00:57:43 [DEBUG   ] pokemon_stencil.image_gen.style_transfer:60 – Style transfer complete.
00:57:43 [DEBUG   ] pokemon_stencil.image_proc.simplifier:64 – Simplification complete; output size: (32, 32)
00:57:43 [DEBUG   ] pokemon_stencil.factory.scoring:95 – Score: clarity=0.312 component=1.000 contrast=1.000 → 0.725
00:57:43 [DEBUG   ] pokemon_stencil.factory.factory_runner:306 – Candidate 2 scored 0.725.
00:57:43 [INFO    ] pokemon_stencil.factory.factory_runner:247 – Selected 2/3 valid candidates for stencil conversion.
00:57:43 [INFO    ] pokemon_stencil.factory.factory_runner:263 – Stencil pipeline | rank=0 | candidate=0 | score=0.725 | run=pikachu_00
00:57:43 [DEBUG   ] pokemon_stencil.image_proc.segmenter:116 – Layer 0 | colour=(255, 255, 255) | pixels=512 (50.0%)
00:57:43 [DEBUG   ] pokemon_stencil.image_proc.segmenter:116 – Layer 1 | colour=(0, 0, 0) | pixels=512 (50.0%)
00:57:43 [INFO    ] pokemon_stencil.image_proc.segmenter:128 – Segmentation produced 2 layer(s).
00:57:43 [INFO    ] pokemon_stencil.factory.factory_runner:436 – 2 colour layer(s) for pikachu_00.
00:57:43 [DEBUG   ] pokemon_stencil.stencil.layer_builder:75 – Layer 0: stencil safety applied.
00:57:43 [DEBUG   ] pokemon_stencil.stencil.layer_builder:75 – Layer 1: stencil safety applied.
00:57:43 [WARNING ] pokemon_stencil.vector.tracer:66 – pypotrace not available – using OpenCV contour fallback.
00:57:43 [DEBUG   ] pokemon_stencil.vector.path_builder:61 – Layer 0 traced: 1 path(s) found.
00:57:43 [WARNING ] pokemon_stencil.vector.tracer:66 – pypotrace not available – using OpenCV contour fallback.
00:57:43 [DEBUG   ] pokemon_stencil.vector.path_builder:61 – Layer 1 traced: 1 path(s) found.
00:57:43 [DEBUG   ] pokemon_stencil.stencil.svg_exporter:91 – Wrote layer SVG: /tmp/pytest-of-root/pytest-3/test_top_k_recorded0/pikachu_00/svg/img000_layer00.svg
00:57:43 [DEBUG   ] pokemon_stencil.stencil.svg_exporter:91 – Wrote layer SVG: /tmp/pytest-of-root/pytest-3/test_top_k_recorded0/pikachu_00/svg/img000_layer01.svg
00:57:43 [DEBUG   ] pokemon_stencil.stencil.svg_exporter:99 – Wrote combined SVG: /tmp/pytest-of-root/pytest-3/test_top_k_recorded0/pikachu_00/svg/img000_combined.svg
00:57:43 [INFO    ] pokemon_stencil.factory.factory_runner:263 – Stencil pipeline | rank=1 | candidate=1 | score=0.725 | run=pikachu_01
00:57:43 [DEBUG   ] pokemon_stencil.image_proc.segmenter:116 – Layer 0 | colour=(255, 255, 255) | pixels=512 (50.0%)
00:57:43 [DEBUG   ] pokemon_stencil.image_proc.segmenter:116 – Layer 1 | colour=(0, 0, 0) | pixels=512 (50.0%)
00:57:43 [INFO    ] pokemon_stencil.image_proc.segmenter:128 – Segmentation produced 2 layer(s).
00:57:43 [INFO    ] pokemon_stencil.factory.factory_runner:436 – 2 colour layer(s) for pikachu_01.
00:57:43 [DEBUG   ] pokemon_stencil.stencil.layer_builder:75 – Layer 0: stencil safety applied.
00:57:43 [DEBUG   ] pokemon_stencil.stencil.layer_builder:75 – Layer 1: stencil safety applied.
00:57:43 [WARNING ] pokemon_stencil.vector.tracer:66 – pypotrace not available – using OpenCV contour fallback.
00:57:43 [DEBUG   ] pokemon_stencil.vector.path_builder:61 – Layer 0 traced: 1 path(s) found.
00:57:43 [WARNING ] pokemon_stencil.vector.tracer:66 – pypotrace not available – using OpenCV contour fallback.
00:57:43 [DEBUG   ] pokemon_stencil.vector.path_builder:61 – Layer 1 traced: 1 path(s) found.
00:57:43 [DEBUG   ] pokemon_stencil.stencil.svg_exporter:91 – Wrote layer SVG: /tmp/pytest-of-root/pytest-3/test_top_k_recorded0/pikachu_01/svg/img000_layer00.svg
00:57:43 [DEBUG   ] pokemon_stencil.stencil.svg_exporter:91 – Wrote layer SVG: /tmp/pytest-of-root/pytest-3/test_top_k_recorded0/pikachu_01/svg/img000_layer01.svg
00:57:43 [DEBUG   ] pokemon_stencil.stencil.svg_exporter:99 – Wrote combined SVG: /tmp/pytest-of-root/pytest-3/test_top_k_recorded0/pikachu_01/svg/img000_combined.svg
00:57:43 [INFO    ] pokemon_stencil.factory.factory_runner:228 – FactoryRunner.run | pokemon=Pikachu | count=3 | top_k=2 | workers=1
00:57:43 [INFO    ] pokemon_stencil.image_proc.loader:75 – Found 3 reference image(s) in /tmp/pytest-of-root/pytest-3/test_at_most_top_k_pipeline_re0/refs
00:57:43 [DEBUG   ] pokemon_stencil.image_proc.loader:138 – Loaded: /tmp/pytest-of-root/pytest-3/test_at_most_top_k_pipeline_re0/refs/ref_00.png
00:57:43 [DEBUG   ] pokemon_stencil.image_proc.loader:138 – Loaded: /tmp/pytest-of-root/pytest-3/test_at_most_top_k_pipeline_re0/refs/ref_01.png
00:57:43 [DEBUG   ] pokemon_stencil.image_proc.loader:138 – Loaded: /tmp/pytest-of-root/pytest-3/test_at_most_top_k_pipeline_re0/refs/ref_02.png
00:57:43 [INFO    ] pokemon_stencil.image_proc.loader:102 – Loaded 3 valid reference image(s).
00:57:43 [DEBUG   ] pokemon_stencil.image_gen.style_transfer:60 – Style transfer complete.
00:57:43 [DEBUG   ] pokemon_stencil.image_proc.simplifier:64 – Simplification complete; output size: (32, 32)
00:57:43 [DEBUG   ] pokemon_stencil.factory.scoring:95 – Score: clarity=0.312 component=1.000 contrast=1.000 → 0.725
00:57:43 [DEBUG   ] pokemon_stencil.factory.factory_runner:306 – Candidate 0 scored 0.725.
00:57:43 [INFO    ] pokemon_stencil.image_proc.loader:75 – Found 3 reference image(s) in /tmp/pytest-of-root/pytest-3/test_at_most_top_k_pipeline_re0/refs
00:57:43 [DEBUG   ] pokemon_stencil.image_proc.loader:138 – Loaded: /tmp/pytest-of-root/pytest-3/test_at_most_top_k_pipeline_re0/refs/ref_00.png
00:57:43 [DEBUG   ] pokemon_stencil.image_proc.loader:138 – Loaded: /tmp/pytest-of-root/pytest-3/test_at_most_top_k_pipeline_re0/refs/ref_01.png
00:57:43 [DEBUG   ] pokemon_stencil.image_proc.loader:138 – Loaded: /tmp/pytest-of-root/pytest-3/test_at_most_top_k_pipeline_re0/refs/ref_02.png
00:57:43 [INFO    ] pokemon_stencil.image_proc.loader:102 – Loaded 3 valid reference image(s).
00:57:43 [DEBUG   ] pokemon_stencil.image_gen.style_transfer:60 – Style transfer complete.
00:57:43 [DEBUG   ] pokemon_stencil.image_proc.simplifier:64 – Simplification complete; output size: (32, 32)
00:57:43 [DEBUG   ] pokemon_stencil.factory.scoring:95 – Score: clarity=0.312 component=1.000 contrast=1.000 → 0.725
00:57:43 [DEBUG   ] pokemon_stencil.factory.factory_runner:306 – Candidate 1 scored 0.725.
00:57:43 [INFO    ] pokemon_stencil.image_proc.loader:75 – Found 3 reference image(s) in /tmp/pytest-of-root/pytest-3/test_at_most_top_k_pipeline_re0/refs
00:57:43 [DEBUG   ] pokemon_stencil.image_proc.loader:138 – Loaded: /tmp/pytest-of-root/pytest-3/test_at_most_top_k_pipeline_re0/refs/ref_00.png
00:57:43 [DEBUG   ] pokemon_stencil.image_proc.loader:138 – Loaded: /tmp/pytest-of-root/pytest-3/test_at_most_top_k_pipeline_re0/refs/ref_01.png
00:57:43 [DEBUG   ] pokemon_stencil.image_proc.loader:138 – Loaded: /tmp/pytest-of-root/pytest-3/test_at_most_top_k_pipeline_re0/refs/ref_02.png
00:57:43 [INFO    ] pokemon_stencil.image_proc.loader:102 – Loaded 3 valid reference image(s).
00:57:43 [DEBUG   ] pokemon_stencil.image_gen.style_transfer:60 – Style transfer complete.
00:57:43 [DEBUG   ] pokemon_stencil.image_proc.simplifier:64 – Simplification complete; output size: (32, 32)
00:57:43 [DEBUG   ] pokemon_stencil.factory.scoring:95 – Score: clarity=0.312 component=1.000 contrast=1.000 → 0.725
00:57:43 [DEBUG   ] pokemon_stencil.factory.factory_runner:306 – Candidate 2 scored 0.725.
00:57:43 [INFO    ] pokemon_stencil.factory.factory_runner:247 – Selected 2/3 valid candidates for stencil conversion.
00:57:43 [INFO    ] pokemon_stencil.factory.factory_runner:263 – Stencil pipeline | rank=0 | candidate=0 | score=0.725 | run=pikachu_00
00:57:43 [DEBUG   ] pokemon_stencil.image_proc.segmenter:116 – Layer 0 | colour=(255, 255, 255) | pixels=512 (50.0%)
00:57:43 [DEBUG   ] pokemon_stencil.image_proc.segmenter:116 – Layer 1 | colour=(0, 0, 0) | pixels=512 (50.0%)
00:57:43 [INFO    ] pokemon_stencil.image_proc.segmenter:128 – Segmentation produced 2 layer(s).
00:57:43 [INFO    ] pokemon_stencil.factory.factory_runner:436 – 2 colour layer(s) for pikachu_00.
00:57:43 [DEBUG   ] pokemon_stencil.stencil.layer_builder:75 – Layer 0: stencil safety applied.
00:57:43 [DEBUG   ] pokemon_stencil.stencil.layer_builder:75 – Layer 1: stencil safety applied.
00:57:43 [WARNING ] pokemon_stencil.vector.tracer:66 – pypotrace not available – using OpenCV contour fallback.
00:57:43 [DEBUG   ] pokemon_stencil.vector.path_builder:61 – Layer 0 traced: 1 path(s) found.
00:57:43 [WARNING ] pokemon_stencil.vector.tracer:66 – pypotrace not available – using OpenCV contour fallback.
00:57:43 [DEBUG   ] pokemon_stencil.vector.path_builder:61 – Layer 1 traced: 1 path(s) found.
00:57:43 [DEBUG   ] pokemon_stencil.stencil.svg_exporter:91 – Wrote layer SVG: /tmp/pytest-of-root/pytest-3/test_at_most_top_k_pipeline_re0/pikachu_00/svg/img000_layer00.svg
00:57:43 [DEBUG   ] pokemon_stencil.stencil.svg_exporter:91 – Wrote layer SVG: /tmp/pytest-of-root/pytest-3/test_at_most_top_k_pipeline_re0/pikachu_00/svg/img000_layer01.svg
00:57:43 [DEBUG   ] pokemon_stencil.stencil.svg_exporter:99 – Wrote combined SVG: /tmp/pytest-of-root/pytest-3/test_at_most_top_k_pipeline_re0/pikachu_00/svg/img000_combined.svg
00:57:43 [INFO    ] pokemon_stencil.factory.factory_runner:263 – Stencil pipeline | rank=1 | candidate=1 | score=0.725 | run=pikachu_01
00:57:43 [DEBUG   ] pokemon_stencil.image_proc.segmenter:116 – Layer 0 | colour=(255, 255, 255) | pixels=512 (50.0%)
00:57:43 [DEBUG   ] pokemon_stencil.image_proc.segmenter:116 – Layer 1 | colour=(0, 0, 0) | pixels=512 (50.0%)
00:57:43 [INFO    ] pokemon_stencil.image_proc.segmenter:128 – Segmentation produced 2 layer(s).
00:57:43 [INFO    ] pokemon_stencil.factory.factory_runner:436 – 2 colour layer(s) for pikachu_01.
00:57:43 [DEBUG   ] pokemon_stencil.stencil.layer_builder:75 – Layer 0: stencil safety applied.
00:57:43 [DEBUG   ] pokemon_stencil.stencil.layer_builder:75 – Layer 1: stencil safety applied.
00:57:43 [WARNING ] pokemon_stencil.vector.tracer:66 – pypotrace not available – using OpenCV contour fallback.
00:57:43 [DEBUG   ] pokemon_stencil.vector.path_builder:61 – Layer 0 traced: 1 path(s) found.
00:57:43 [WARNING ] pokemon_stencil.vector.tracer:66 – pypotrace not available – using OpenCV contour fallback.
00:57:43 [DEBUG   ] pokemon_stencil.vector.path_builder:61 – Layer 1 traced: 1 path(s) found.
00:57:43 [DEBUG   ] pokemon_stencil.stencil.svg_exporter:91 – Wrote layer SVG: /tmp/pytest-of-root/pytest-3/test_at_most_top_k_pipeline_re0/pikachu_01/svg/img000_layer00.svg
00:57:43 [DEBUG   ] pokemon_stencil.stencil.svg_exporter:91 – Wrote layer SVG: /tmp/pytest-of-root/pytest-3/test_at_most_top_k_pipeline_re0/pikachu_01/svg/img000_layer01.svg
00:57:43 [DEBUG   ] pokemon_stencil.stencil.svg_exporter:99 – Wrote combined SVG: /tmp/pytest-of-root/pytest-3/test_at_most_top_k_pipeline_re0/pikachu_01/svg/img000_combined.svg
00:57:43 [INFO    ] pokemon_stencil.factory.factory_runner:228 – FactoryRunner.run | pokemon=Pikachu | count=3 | top_k=2 | workers=1
00:57:43 [INFO    ] pokemon_stencil.image_proc.loader:75 – Found 3 reference image(s) in /tmp/pytest-of-root/pytest-3/test_ranked_length_matches_suc0/refs
00:57:43 [DEBUG   ] pokemon_stencil.image_proc.loader:138 – Loaded: /tmp/pytest-of-root/pytest-3/test_ranked_length_matches_suc0/refs/ref_00.png
00:57:43 [DEBUG   ] pokemon_stencil.image_proc.loader:138 – Loaded: /tmp/pytest-of-root/pytest-3/test_ranked_length_matches_suc0/refs/ref_01.png
00:57:43 [DEBUG   ] pokemon_stencil.image_proc.loader:138 – Loaded: /tmp/pytest-of-root/pytest-3/test_ranked_length_matches_suc0/refs/ref_02.png
00:57:43 [INFO    ] pokemon_stencil.image_proc.loader:102 – Loaded 3 valid reference image(s).
00:57:43 [DEBUG   ] pokemon_stencil.image_gen.style_transfer:60 – Style transfer complete.
00:57:43 [DEBUG   ] pokemon_stencil.image_proc.simplifier:64 – Simplification complete; output size: (32, 32)
00:57:43 [DEBUG   ] pokemon_stencil.factory.scoring:95 – Score: clarity=0.312 component=1.000 contrast=1.000 → 0.725
00:57:43 [DEBUG   ] pokemon_stencil.factory.factory_runner:306 – Candidate 0 scored 0.725.
00:57:43 [INFO    ] pokemon_stencil.image_proc.loader:75 – Found 3 reference image(s) in /tmp/pytest-of-root/pytest-3/test_ranked_length_matches_suc0/refs
00:57:43 [DEBUG   ] pokemon_stencil.image_proc.loader:138 – Loaded: /tmp/pytest-of-root/pytest-3/test_ranked_length_matches_suc0/refs/ref_00.png
00:57:43 [DEBUG   ] pokemon_stencil.image_proc.loader:138 – Loaded: /tmp/pytest-of-root/pytest-3/test_ranked_length_matches_suc0/refs/ref_01.png
00:57:43 [DEBUG   ] pokemon_stencil.image_proc.loader:138 – Loaded: /tmp/pytest-of-root/pytest-3/test_ranked_length_matches_suc0/refs/ref_02.png
00:57:43 [INFO    ] pokemon_stencil.image_proc.loader:102 – Loaded 3 valid reference image(s).
00:57:43 [DEBUG   ] pokemon_stencil.image_gen.style_transfer:60 – Style transfer complete.
00:57:43 [DEBUG   ] pokemon_stencil.image_proc.simplifier:64 – Simplification complete; output size: (32, 32)
00:57:43 [DEBUG   ] pokemon_stencil.factory.scoring:95 – Score: clarity=0.312 component=1.000 contrast=1.000 → 0.725
00:57:43 [DEBUG   ] pokemon_stencil.factory.factory_runner:306 – Candidate 1 scored 0.725.
00:57:43 [INFO    ] pokemon_stencil.image_proc.loader:75 – Found 3 reference image(s) in /tmp/pytest-of-root/pytest-3/test_ranked_length_matches_suc0/refs
00:57:43 [DEBUG   ] pokemon_stencil.image_proc.loader:138 – Loaded: /tmp/pytest-of-root/pytest-3/test_ranked_length_matches_suc0/refs/ref_00.png
00:57:43 [DEBUG   ] pokemon_stencil.image_proc.loader:138 – Loaded: /tmp/pytest-of-root/pytest-3/test_ranked_length_matches_suc0/refs/ref_01.png
00:57:43 [DEBUG   ] pokemon_stencil.image_proc.loader:138 – Loaded: /tmp/pytest-of-root/pytest-3/test_ranked_length_matches_suc0/refs/ref_02.png
00:57:43 [INFO    ] pokemon_stencil.image_proc.loader:102 – Loaded 3 valid reference image(s).
00:57:43 [DEBUG   ] pokemon_stencil.image_gen.style_transfer:60 – Style transfer complete.
00:57:43 [DEBUG   ] pokemon_stencil.image_proc.simplifier:64 – Simplification complete; output size: (32, 32)
00:57:43 [DEBUG   ] pokemon_stencil.factory.scoring:95 – Score: clarity=0.312 component=1.000 contrast=1.000 → 0.725
00:57:43 [DEBUG   ] pokemon_stencil.factory.factory_runner:306 – Candidate 2 scored 0.725.
00:57:43 [INFO    ] pokemon_stencil.factory.factory_runner:247 – Selected 2/3 valid candidates for stencil conversion.
00:57:43 [INFO    ] pokemon_stencil.factory.factory_runner:263 – Stencil pipeline | rank=0 | candidate=0 | score=0.725 | run=pikachu_00
00:57:43 [DEBUG   ] pokemon_stencil.image_proc.segmenter:116 – Layer 0 | colour=(255, 255, 255) | pixels=512 (50.0%)
00:57:43 [DEBUG   ] pokemon_stencil.image_proc.segmenter:116 – Layer 1 | colour=(0, 0, 0) | pixels=512 (50.0%)
00:57:43 [INFO    ] pokemon_stencil.image_proc.segmenter:128 – Segmentation produced 2 layer(s).
00:57:43 [INFO    ] pokemon_stencil.factory.factory_runner:436 – 2 colour layer(s) for pikachu_00.
00:57:43 [DEBUG   ] pokemon_stencil.stencil.layer_builder:75 – Layer 0: stencil safety applied.
00:57:43 [DEBUG   ] pokemon_stencil.stencil.layer_builder:75 – Layer 1: stencil safety applied.
00:57:43 [WARNING ] pokemon_stencil.vector.tracer:66 – pypotrace not available – using OpenCV contour fallback.
00:57:43 [DEBUG   ] pokemon_stencil.vector.path_builder:61 – Layer 0 traced: 1 path(s) found.
00:57:43 [WARNING ] pokemon_stencil.vector.tracer:66 – pypotrace not available – using OpenCV contour fallback.
00:57:43 [DEBUG   ] pokemon_stencil.vector.path_builder:61 – Layer 1 traced: 1 path(s) found.
00:57:43 [DEBUG   ] pokemon_stencil.stencil.svg_exporter:91 – Wrote layer SVG: /tmp/pytest-of-root/pytest-3/test_ranked_length_matches_suc0/pikachu_00/svg/img000_layer00.svg
00:57:43 [DEBUG   ] pokemon_stencil.stencil.svg_exporter:91 – Wrote layer SVG: /tmp/pytest-of-root/pytest-3/test_ranked_length_matches_suc0/pikachu_00/svg/img000_layer01.svg
00:57:43 [DEBUG   ] pokemon_stencil.stencil.svg_exporter:99 – Wrote combined SVG: /tmp/pytest-of-root/pytest-3/test_ranked_length_matches_suc0/pikachu_00/svg/img000_combined.svg
00:57:43 [INFO    ] pokemon_stencil.factory.factory_runner:263 – Stencil pipeline | rank=1 | candidate=1 | score=0.725 | run=pikachu_01
00:57:43 [DEBUG   ] pokemon_stencil.image_proc.segmenter:116 – Layer 0 | colour=(255, 255, 255) | pixels=512 (50.0%)
00:57:43 [DEBUG   ] pokemon_stencil.image_proc.segmenter:116 – Layer 1 | colour=(0, 0, 0) | pixels=512 (50.0%)
00:57:43 [INFO    ] pokemon_stencil.image_proc.segmenter:128 – Segmentation produced 2 layer(s).
00:57:43 [INFO    ] pokemon_stencil.factory.factory_runner:436 – 2 colour layer(s) for pikachu_01.
00:57:43 [DEBUG   ] pokemon_stencil.stencil.layer_builder:75 – Layer 0: stencil safety applied.
00:57:43 [DEBUG   ] pokemon_stencil.stencil.layer_builder:75 – Layer 1: stencil safety applied.
00:57:43 [WARNING ] pokemon_stencil.vector.tracer:66 – pypotrace not available – using OpenCV contour fallback.
00:57:43 [DEBUG   ] pokemon_stencil.vector.path_builder:61 – Layer 0 traced: 1 path(s) found.
00:57:43 [WARNING ] pokemon_stencil.vector.tracer:66 – pypotrace not available – using OpenCV contour fallback.
00:57:43 [DEBUG   ] pokemon_stencil.vector.path_builder:61 – Layer 1 traced: 1 path(s) found.
00:57:43 [DEBUG   ] pokemon_stencil.stencil.svg_exporter:91 – Wrote layer SVG: /tmp/pytest-of-root/pytest-3/test_ranked_length_matches_suc0/pikachu_01/svg/img000_layer00.svg
00:57:43 [DEBUG   ] pokemon_stencil.stencil.svg_exporter:91 – Wrote layer SVG: /tmp/pytest-of-root/pytest-3/test_ranked_length_matches_suc0/pikachu_01/svg/img000_layer01.svg
00:57:43 [DEBUG   ] pokemon_stencil.stencil.svg_exporter:99 – Wrote combined SVG: /tmp/pytest-of-root/pytest-3/test_ranked_length_matches_suc0/pikachu_01/svg/img000_combined.svg
00:57:43 [INFO    ] pokemon_stencil.factory.factory_runner:228 – FactoryRunner.run | pokemon=Pikachu | count=3 | top_k=3 | workers=1
00:57:43 [INFO    ] pokemon_stencil.image_proc.loader:75 – Found 3 reference image(s) in /tmp/pytest-of-root/pytest-3/test_ranked_sorted_descending0/refs
00:57:43 [DEBUG   ] pokemon_stencil.image_proc.loader:138 – Loaded: /tmp/pytest-of-root/pytest-3/test_ranked_sorted_descending0/refs/ref_00.png
00:57:43 [DEBUG   ] pokemon_stencil.image_proc.loader:138 – Loaded: /tmp/pytest-of-root/pytest-3/test_ranked_sorted_descending0/refs/ref_01.png
00:57:43 [DEBUG   ] pokemon_stencil.image_proc.loader:138 – Loaded: /tmp/pytest-of-root/pytest-3/test_ranked_sorted_descending0/refs/ref_02.png
00:57:43 [INFO    ] pokemon_stencil.image_proc.loader:102 – Loaded 3 valid reference image(s).
00:57:43 [DEBUG   ] pokemon_stencil.image_gen.style_transfer:60 – Style transfer complete.
00:57:43 [DEBUG   ] pokemon_stencil.image_proc.simplifier:64 – Simplification complete; output size: (32, 32)
00:57:43 [DEBUG   ] pokemon_stencil.factory.scoring:95 – Score: clarity=0.312 component=1.000 contrast=1.000 → 0.725
00:57:43 [DEBUG   ] pokemon_stencil.factory.factory_runner:306 – Candidate 0 scored 0.725.
00:57:43 [INFO    ] pokemon_stencil.image_proc.loader:75 – Found 3 reference image(s) in /tmp/pytest-of-root/pytest-3/test_ranked_sorted_descending0/refs
00:57:43 [DEBUG   ] pokemon_stencil.image_proc.loader:138 – Loaded: /tmp/pytest-of-root/pytest-3/test_ranked_sorted_descending0/refs/ref_00.png
00:57:43 [DEBUG   ] pokemon_stencil.image_proc.loader:138 – Loaded: /tmp/pytest-of-root/pytest-3/test_ranked_sorted_descending0/refs/ref_01.png
00:57:43 [DEBUG   ] pokemon_stencil.image_proc.loader:138 – Loaded: /tmp/pytest-of-root/pytest-3/test_ranked_sorted_descending0/refs/ref_02.png
00:57:43 [INFO    ] pokemon_stencil.image_proc.loader:102 – Loaded 3 valid reference image(s).
00:57:43 [DEBUG   ] pokemon_stencil.image_gen.style_transfer:60 – Style transfer complete.
00:57:43 [DEBUG   ] pokemon_stencil.image_proc.simplifier:64 – Simplification complete; output size: (32, 32)
00:57:43 [DEBUG   ] pokemon_stencil.factory.scoring:95 – Score: clarity=0.312 component=1.000 contrast=1.000 → 0.725
00:57:43 [DEBUG   ] pokemon_stencil.factory.factory_runner:306 – Candidate 1 scored 0.725.
00:57:43 [INFO    ] pokemon_stencil.image_proc.loader:75 – Found 3 reference image(s) in /tmp/pytest-of-root/pytest-3/test_ranked_sorted_descending0/refs
00:57:43 [DEBUG   ] pokemon_stencil.image_proc.loader:138 – Loaded: /tmp/pytest-of-root/pytest-3/test_ranked_sorted_descending0/refs/ref_00.png
00:57:43 [DEBUG   ] pokemon_stencil.image_proc.loader:138 – Loaded: /tmp/pytest-of-root/pytest-3/test_ranked_sorted_descending0/refs/ref_01.png
00:57:43 [DEBUG   ] pokemon_stencil.image_proc.loader:138 – Loaded: /tmp/pytest-of-root/pytest-3/test_ranked_sorted_descending0/refs/ref_02.png
00:57:43 [INFO    ] pokemon_stencil.image_proc.loader:102 – Loaded 3 valid reference image(s).
00:57:43 [DEBUG   ] pokemon_stencil.image_gen.style_transfer:60 – Style transfer complete.
00:57:43 [DEBUG   ] pokemon_stencil.image_proc.simplifier:64 – Simplification complete; output size: (32, 32)
00:57:43 [DEBUG   ] pokemon_stencil.factory.scoring:95 – Score: clarity=0.312 component=1.000 contrast=1.000 → 0.725
00:57:43 [DEBUG   ] pokemon_stencil.factory.factory_runner:306 – Candidate 2 scored 0.725.
00:57:43 [INFO    ] pokemon_stencil.factory.factory_runner:247 – Selected 3/3 valid candidates for stencil conversion.
00:57:43 [INFO    ] pokemon_stencil.factory.factory_runner:263 – Stencil pipeline | rank=0 | candidate=0 | score=0.725 | run=pikachu_00
00:57:43 [DEBUG   ] pokemon_stencil.image_proc.segmenter:116 – Layer 0 | colour=(255, 255, 255) | pixels=512 (50.0%)
00:57:43 [DEBUG   ] pokemon_stencil.image_proc.segmenter:116 – Layer 1 | colour=(0, 0, 0) | pixels=512 (50.0%)
00:57:43 [INFO    ] pokemon_stencil.image_proc.segmenter:128 – Segmentation produced 2 layer(s).
00:57:43 [INFO    ] pokemon_stencil.factory.factory_runner:436 – 2 colour layer(s) for pikachu_00.
00:57:43 [DEBUG   ] pokemon_stencil.stencil.layer_builder:75 – Layer 0: stencil safety applied.
00:57:43 [DEBUG   ] pokemon_stencil.stencil.layer_builder:75 – Layer 1: stencil safety applied.
00:57:43 [WARNING ] pokemon_stencil.vector.tracer:66 – pypotrace not available – using OpenCV contour fallback.
00:57:43 [DEBUG   ] pokemon_stencil.vector.path_builder:61 – Layer 0 traced: 1 path(s) found.
00:57:43 [WARNING ] pokemon_stencil.vector.tracer:66 – pypotrace not available – using OpenCV contour fallback.
00:57:43 [DEBUG   ] pokemon_stencil.vector.path_builder:61 – Layer 1 traced: 1 path(s) found.
00:57:43 [DEBUG   ] pokemon_stencil.stencil.svg_exporter:91 – Wrote layer SVG: /tmp/pytest-of-root/pytest-3/test_ranked_sorted_descending0/pikachu_00/svg/img000_layer00.svg
00:57:43 [DEBUG   ] pokemon_stencil.stencil.svg_exporter:91 – Wrote layer SVG: /tmp/pytest-of-root/pytest-3/test_ranked_sorted_descending0/pikachu_00/svg/img000_layer01.svg
00:57:43 [DEBUG   ] pokemon_stencil.stencil.svg_exporter:99 – Wrote combined SVG: /tmp/pytest-of-root/pytest-3/test_ranked_sorted_descending0/pikachu_00/svg/img000_combined.svg
00:57:43 [INFO    ] pokemon_stencil.factory.factory_runner:263 – Stencil pipeline | rank=1 | candidate=1 | score=0.725 | run=pikachu_01
00:57:43 [DEBUG   ] pokemon_stencil.image_proc.segmenter:116 – Layer 0 | colour=(255, 255, 255) | pixels=512 (50.0%)
00:57:43 [DEBUG   ] pokemon_stencil.image_proc.segmenter:116 – Layer 1 | colour=(0, 0, 0) | pixels=512 (50.0%)
00:57:43 [INFO    ] pokemon_stencil.image_proc.segmenter:128 – Segmentation produced 2 layer(s).
00:57:43 [INFO    ] pokemon_stencil.factory.factory_runner:436 – 2 colour layer(s) for pikachu_01.
00:57:43 [DEBUG   ] pokemon_stencil.stencil.layer_builder:75 – Layer 0: stencil safety applied.
00:57:43 [DEBUG   ] pokemon_stencil.stencil.layer_builder:75 – Layer 1: stencil safety applied.
00:57:43 [WARNING ] pokemon_stencil.vector.tracer:66 – pypotrace not available – using OpenCV contour fallback.
00:57:43 [DEBUG   ] pokemon_stencil.vector.path_builder:61 – Layer 0 traced: 1 path(s) found.
00:57:43 [WARNING ] pokemon_stencil.vector.tracer:66 – pypotrace not available – using OpenCV contour fallback.
00:57:43 [DEBUG   ] pokemon_stencil.vector.path_builder:61 – Layer 1 traced: 1 path(s) found.
00:57:43 [DEBUG   ] pokemon_stencil.stencil.svg_exporter:91 – Wrote layer SVG: /tmp/pytest-of-root/pytest-3/test_ranked_sorted_descending0/pikachu_01/svg/img000_layer00.svg
00:57:43 [DEBUG   ] pokemon_stencil.stencil.svg_exporter:91 – Wrote layer SVG: /tmp/pytest-of-root/pytest-3/test_ranked_sorted_descending0/pikachu_01/svg/img000_layer01.svg
00:57:43 [DEBUG   ] pokemon_stencil.stencil.svg_exporter:99 – Wrote combined SVG: /tmp/pytest-of-root/pytest-3/test_ranked_sorted_descending0/pikachu_01/svg/img000_combined.svg
00:57:43 [INFO    ] pokemon_stencil.factory.factory_runner:263 – Stencil pipeline | rank=2 | candidate=2 | score=0.725 | run=pikachu_02
00:57:43 [DEBUG   ] pokemon_stencil.image_proc.segmenter:116 – Layer 0 | colour=(255, 255, 255) | pixels=512 (50.0%)
00:57:43 [DEBUG   ] pokemon_stencil.image_proc.segmenter:116 – Layer 1 | colour=(0, 0, 0) | pixels=512 (50.0%)
00:57:43 [INFO    ] pokemon_stencil.image_proc.segmenter:128 – Segmentation produced 2 layer(s).
00:57:43 [INFO    ] pokemon_stencil.factory.factory_runner:436 – 2 colour layer(s) for pikachu_02.
00:57:43 [DEBUG   ] pokemon_stencil.stencil.layer_builder:75 – Layer 0: stencil safety applied.
00:57:43 [DEBUG   ] pokemon_stencil.stencil.layer_builder:75 – Layer 1: stencil safety applied.
00:57:43 [WARNING ] pokemon_stencil.vector.tracer:66 – pypotrace not available – using OpenCV contour fallback.
00:57:43 [DEBUG   ] pokemon_stencil.vector.path_builder:61 – Layer 0 traced: 1 path(s) found.
00:57:43 [WARNING ] pokemon_stencil.vector.tracer:66 – pypotrace not available – using OpenCV contour fallback.
00:57:43 [DEBUG   ] pokemon_stencil.vector.path_builder:61 – Layer 1 traced: 1 path(s) found.
00:57:43 [DEBUG   ] pokemon_stencil.stencil.svg_exporter:91 – Wrote layer SVG: /tmp/pytest-of-root/pytest-3/test_ranked_sorted_descending0/pikachu_02/svg/img000_layer00.svg
00:57:43 [DEBUG   ] pokemon_stencil.stencil.svg_exporter:91 – Wrote layer SVG: /tmp/pytest-of-root/pytest-3/test_ranked_sorted_descending0/pikachu_02/svg/img000_layer01.svg
00:57:43 [DEBUG   ] pokemon_stencil.stencil.svg_exporter:99 – Wrote combined SVG: /tmp/pytest-of-root/pytest-3/test_ranked_sorted_descending0/pikachu_02/svg/img000_combined.svg
00:57:43 [INFO    ] pokemon_stencil.factory.factory_runner:228 – FactoryRunner.run | pokemon=Pikachu | count=2 | top_k=1 | workers=1
00:57:43 [INFO    ] pokemon_stencil.image_proc.loader:75 – Found 3 reference image(s) in /tmp/pytest-of-root/pytest-3/test_run_names_contain_pokemon0/refs
00:57:43 [DEBUG   ] pokemon_stencil.image_proc.loader:138 – Loaded: /tmp/pytest-of-root/pytest-3/test_run_names_contain_pokemon0/refs/ref_00.png
00:57:43 [DEBUG   ] pokemon_stencil.image_proc.loader:138 – Loaded: /tmp/pytest-of-root/pytest-3/test_run_names_contain_pokemon0/refs/ref_01.png
00:57:43 [DEBUG   ] pokemon_stencil.image_proc.loader:138 – Loaded: /tmp/pytest-of-root/pytest-3/test_run_names_contain_pokemon0/refs/ref_02.png
00:57:43 [INFO    ] pokemon_stencil.image_proc.loader:102 – Loaded 3 valid reference image(s).
00:57:43 [DEBUG   ] pokemon_stencil.image_gen.style_transfer:60 – Style transfer complete.
00:57:43 [DEBUG   ] pokemon_stencil.image_proc.simplifier:64 – Simplification complete; output size: (32, 32)
00:57:43 [DEBUG   ] pokemon_stencil.factory.scoring:95 – Score: clarity=0.312 component=1.000 contrast=1.000 → 0.725
00:57:43 [DEBUG   ] pokemon_stencil.factory.factory_runner:306 – Candidate 0 scored 0.725.
00:57:43 [INFO    ] pokemon_stencil.image_proc.loader:75 – Found 3 reference image(s) in /tmp/pytest-of-root/pytest-3/test_run_names_contain_pokemon0/refs
00:57:43 [DEBUG   ] pokemon_stencil.image_proc.loader:138 – Loaded: /tmp/pytest-of-root/pytest-3/test_run_names_contain_pokemon0/refs/ref_00.png
00:57:43 [DEBUG   ] pokemon_stencil.image_proc.loader:138 – Loaded: /tmp/pytest-of-root/pytest-3/test_run_names_contain_pokemon0/refs/ref_01.png
00:57:43 [DEBUG   ] pokemon_stencil.image_proc.loader:138 – Loaded: /tmp/pytest-of-root/pytest-3/test_run_names_contain_pokemon0/refs/ref_02.png
00:57:43 [INFO    ] pokemon_stencil.image_proc.loader:102 – Loaded 3 valid reference image(s).
00:57:43 [DEBUG   ] pokemon_stencil.image_gen.style_transfer:60 – Style transfer complete.
00:57:43 [DEBUG   ] pokemon_stencil.image_proc.simplifier:64 – Simplification complete; output size: (32, 32)
00:57:43 [DEBUG   ] pokemon_stencil.factory.scoring:95 – Score: clarity=0.312 component=1.000 contrast=1.000 → 0.725
00:57:43 [DEBUG   ] pokemon_stencil.factory.factory_runner:306 – Candidate 1 scored 0.725.
00:57:43 [INFO    ] pokemon_stencil.factory.factory_runner:247 – Selected 1/2 valid candidates for stencil conversion.
00:57:43 [INFO    ] pokemon_stencil.factory.factory_runner:263 – Stencil pipeline | rank=0 | candidate=0 | score=0.725 | run=pikachu_00
00:57:43 [DEBUG   ] pokemon_stencil.image_proc.segmenter:116 – Layer 0 | colour=(255, 255, 255) | pixels=512 (50.0%)
00:57:43 [DEBUG   ] pokemon_stencil.image_proc.segmenter:116 – Layer 1 | colour=(0, 0, 0) | pixels=512 (50.0%)
00:57:43 [INFO    ] pokemon_stencil.image_proc.segmenter:128 – Segmentation produced 2 layer(s).
00:57:43 [INFO    ] pokemon_stencil.factory.factory_runner:436 – 2 colour layer(s) for pikachu_00.
00:57:43 [DEBUG   ] pokemon_stencil.stencil.layer_builder:75 – Layer 0: stencil safety applied.
00:57:43 [DEBUG   ] pokemon_stencil.stencil.layer_builder:75 – Layer 1: stencil safety applied.
00:57:43 [WARNING ] pokemon_stencil.vector.tracer:66 – pypotrace not available – using OpenCV contour fallback.
00:57:43 [DEBUG   ] pokemon_stencil.vector.path_builder:61 – Layer 0 traced: 1 path(s) found.
00:57:43 [WARNING ] pokemon_stencil.vector.tracer:66 – pypotrace not available – using OpenCV contour fallback.
00:57:43 [DEBUG   ] pokemon_stencil.vector.path_builder:61 – Layer 1 traced: 1 path(s) found.
00:57:43 [DEBUG   ] pokemon_stencil.stencil.svg_exporter:91 – Wrote layer SVG: /tmp/pytest-of-root/pytest-3/test_run_names_contain_pokemon0/pikachu_00/svg/img000_layer00.svg
00:57:43 [DEBUG   ] pokemon_stencil.stencil.svg_exporter:91 – Wrote layer SVG: /tmp/pytest-of-root/pytest-3/test_run_names_contain_pokemon0/pikachu_00/svg/img000_layer01.svg
00:57:43 [DEBUG   ] pokemon_stencil.stencil.svg_exporter:99 – Wrote combined SVG: /tmp/pytest-of-root/pytest-3/test_run_names_contain_pokemon0/pikachu_00/svg/img000_combined.svg
00:57:43 [INFO    ] pokemon_stencil.factory.factory_runner:228 – FactoryRunner.run | pokemon=Pikachu | count=2 | top_k=1 | workers=1
00:57:43 [INFO    ] pokemon_stencil.image_proc.loader:75 – Found 3 reference image(s) in /tmp/pytest-of-root/pytest-3/test_output_dirs_created0/refs
00:57:43 [DEBUG   ] pokemon_stencil.image_proc.loader:138 – Loaded: /tmp/pytest-of-root/pytest-3/test_output_dirs_created0/refs/ref_00.png
00:57:43 [DEBUG   ] pokemon_stencil.image_proc.loader:138 – Loaded: /tmp/pytest-of-root/pytest-3/test_output_dirs_created0/refs/ref_01.png
00:57:43 [DEBUG   ] pokemon_stencil.image_proc.loader:138 – Loaded: /tmp/pytest-of-root/pytest-3/test_output_dirs_created0/refs/ref_02.png
00:57:43 [INFO    ] pokemon_stencil.image_proc.loader:102 – Loaded 3 valid reference image(s).
00:57:43 [DEBUG   ] pokemon_stencil.image_gen.style_transfer:60 – Style transfer complete.
00:57:43 [DEBUG   ] pokemon_stencil.image_proc.simplifier:64 – Simplification complete; output size: (32, 32)
00:57:43 [DEBUG   ] pokemon_stencil.factory.scoring:95 – Score: clarity=0.312 component=1.000 contrast=1.000 → 0.725
00:57:43 [DEBUG   ] pokemon_stencil.factory.factory_runner:306 – Candidate 0 scored 0.725.
00:57:43 [INFO    ] pokemon_stencil.image_proc.loader:75 – Found 3 reference image(s) in /tmp/pytest-of-root/pytest-3/test_output_dirs_created0/refs
00:57:43 [DEBUG   ] pokemon_stencil.image_proc.loader:138 – Loaded: /tmp/pytest-of-root/pytest-3/test_output_dirs_created0/refs/ref_00.png
00:57:43 [DEBUG   ] pokemon_stencil.image_proc.loader:138 – Loaded: /tmp/pytest-of-root/pytest-3/test_output_dirs_created0/refs/ref_01.png
00:57:43 [DEBUG   ] pokemon_stencil.image_proc.loader:138 – Loaded: /tmp/pytest-of-root/pytest-3/test_output_dirs_created0/refs/ref_02.png
00:57:43 [INFO    ] pokemon_stencil.image_proc.loader:102 – Loaded 3 valid reference image(s).
00:57:43 [DEBUG   ] pokemon_stencil.image_gen.style_transfer:60 – Style transfer complete.
00:57:43 [DEBUG   ] pokemon_stencil.image_proc.simplifier:64 – Simplification complete; output size: (32, 32)
00:57:43 [DEBUG   ] pokemon_stencil.factory.scoring:95 – Score: clarity=0.312 component=1.000 contrast=1.000 → 0.725
00:57:43 [DEBUG   ] pokemon_stencil.factory.factory_runner:306 – Candidate 1 scored 0.725.
00:57:43 [INFO    ] pokemon_stencil.factory.factory_runner:247 – Selected 1/2 valid candidates for stencil conversion.
00:57:43 [INFO    ] pokemon_stencil.factory.factory_runner:263 – Stencil pipeline | rank=0 | candidate=0 | score=0.725 | run=pikachu_00
00:57:43 [DEBUG   ] pokemon_stencil.image_proc.segmenter:116 – Layer 0 | colour=(255, 255, 255) | pixels=512 (50.0%)
00:57:43 [DEBUG   ] pokemon_stencil.image_proc.segmenter:116 – Layer 1 | colour=(0, 0, 0) | pixels=512 (50.0%)
00:57:43 [INFO    ] pokemon_stencil.image_proc.segmenter:128 – Segmentation produced 2 layer(s).
00:57:43 [INFO    ] pokemon_stencil.factory.factory_runner:436 – 2 colour layer(s) for pikachu_00.
00:57:43 [DEBUG   ] pokemon_stencil.stencil.layer_builder:75 – Layer 0: stencil safety applied.
00:57:43 [DEBUG   ] pokemon_stencil.stencil.layer_builder:75 – Layer 1: stencil safety applied.
00:57:43 [WARNING ] pokemon_stencil.vector.tracer:66 – pypotrace not available – using OpenCV contour fallback.
00:57:43 [DEBUG   ] pokemon_stencil.vector.path_builder:61 – Layer 0 traced: 1 path(s) found.
00:57:43 [WARNING ] pokemon_stencil.vector.tracer:66 – pypotrace not available – using OpenCV contour fallback.
00:57:43 [DEBUG   ] pokemon_stencil.vector.path_builder:61 – Layer 1 traced: 1 path(s) found.
00:57:43 [DEBUG   ] pokemon_stencil.stencil.svg_exporter:91 – Wrote layer SVG: /tmp/pytest-of-root/pytest-3/test_output_dirs_created0/pikachu_00/svg/img000_layer00.svg
00:57:43 [DEBUG   ] pokemon_stencil.stencil.svg_exporter:91 – Wrote layer SVG: /tmp/pytest-of-root/pytest-3/test_output_dirs_created0/pikachu_00/svg/img000_layer01.svg
00:57:43 [DEBUG   ] pokemon_stencil.stencil.svg_exporter:99 – Wrote combined SVG: /tmp/pytest-of-root/pytest-3/test_output_dirs_created0/pikachu_00/svg/img000_combined.svg
00:57:43 [INFO    ] pokemon_stencil.factory.factory_runner:228 – FactoryRunner.run | pokemon=Pikachu | count=2 | top_k=1 | workers=1
00:57:43 [INFO    ] pokemon_stencil.image_proc.loader:75 – Found 3 reference image(s) in /tmp/pytest-of-root/pytest-3/test_svg_files_written0/refs
00:57:43 [DEBUG   ] pokemon_stencil.image_proc.loader:138 – Loaded: /tmp/pytest-of-root/pytest-3/test_svg_files_written0/refs/ref_00.png
00:57:43 [DEBUG   ] pokemon_stencil.image_proc.loader:138 – Loaded: /tmp/pytest-of-root/pytest-3/test_svg_files_written0/refs/ref_01.png
00:57:43 [DEBUG   ] pokemon_stencil.image_proc.loader:138 – Loaded: /tmp/pytest-of-root/pytest-3/test_svg_files_written0/refs/ref_02.png
00:57:43 [INFO    ] pokemon_stencil.image_proc.loader:102 – Loaded 3 valid reference image(s).
00:57:43 [DEBUG   ] pokemon_stencil.image_gen.style_transfer:60 – Style transfer complete.
00:57:43 [DEBUG   ] pokemon_stencil.image_proc.simplifier:64 – Simplification complete; output size: (32, 32)
00:57:43 [DEBUG   ] pokemon_stencil.factory.scoring:95 – Score: clarity=0.312 component=1.000 contrast=1.000 → 0.725
00:57:43 [DEBUG   ] pokemon_stencil.factory.factory_runner:306 – Candidate 0 scored 0.725.
00:57:43 [INFO    ] pokemon_stencil.image_proc.loader:75 – Found 3 reference image(s) in /tmp/pytest-of-root/pytest-3/test_svg_files_written0/refs
00:57:43 [DEBUG   ] pokemon_stencil.image_proc.loader:138 – Loaded: /tmp/pytest-of-root/pytest-3/test_svg_files_written0/refs/ref_00.png
00:57:43 [DEBUG   ] pokemon_stencil.image_proc.loader:138 – Loaded: /tmp/pytest-of-root/pytest-3/test_svg_files_written0/refs/ref_01.png
00:57:43 [DEBUG   ] pokemon_stencil.image_proc.loader:138 – Loaded: /tmp/pytest-of-root/pytest-3/test_svg_files_written0/refs/ref_02.png
00:57:43 [INFO    ] pokemon_stencil.image_proc.loader:102 – Loaded 3 valid reference image(s).
00:57:43 [DEBUG   ] pokemon_stencil.image_gen.style_transfer:60 – Style transfer complete.
00:57:43 [DEBUG   ] pokemon_stencil.image_proc.simplifier:64 – Simplification complete; output size: (32, 32)
00:57:43 [DEBUG   ] pokemon_stencil.factory.scoring:95 – Score: clarity=0.312 component=1.000 contrast=1.000 → 0.725
00:57:43 [DEBUG   ] pokemon_stencil.factory.factory_runner:306 – Candidate 1 scored 0.725.
00:57:43 [INFO    ] pokemon_stencil.factory.factory_runner:247 – Selected 1/2 valid candidates for stencil conversion.
00:57:43 [INFO    ] pokemon_stencil.factory.factory_runner:263 – Stencil pipeline | rank=0 | candidate=0 | score=0.725 | run=pikachu_00
00:57:43 [DEBUG   ] pokemon_stencil.image_proc.segmenter:116 – Layer 0 | colour=(255, 255, 255) | pixels=512 (50.0%)
00:57:43 [DEBUG   ] pokemon_stencil.image_proc.segmenter:116 – Layer 1 | colour=(0, 0, 0) | pixels=512 (50.0%)
00:57:43 [INFO    ] pokemon_stencil.image_proc.segmenter:128 – Segmentation produced 2 layer(s).
00:57:43 [INFO    ] pokemon_stencil.factory.factory_runner:436 – 2 colour layer(s) for pikachu_00.
00:57:43 [DEBUG   ] pokemon_stencil.stencil.layer_builder:75 – Layer 0: stencil safety applied.
00:57:43 [DEBUG   ] pokemon_stencil.stencil.layer_builder:75 – Layer 1: stencil safety applied.
00:57:43 [WARNING ] pokemon_stencil.vector.tracer:66 – pypotrace not available – using OpenCV contour fallback.
00:57:43 [DEBUG   ] pokemon_stencil.vector.path_builder:61 – Layer 0 traced: 1 path(s) found.
00:57:43 [WARNING ] pokemon_stencil.vector.tracer:66 – pypotrace not available – using OpenCV contour fallback.
00:57:43 [DEBUG   ] pokemon_stencil.vector.path_builder:61 – Layer 1 traced: 1 path(s) found.
00:57:43 [DEBUG   ] pokemon_stencil.stencil.svg_exporter:91 – Wrote layer SVG: /tmp/pytest-of-root/pytest-3/test_svg_files_written0/pikachu_00/svg/img000_layer00.svg
00:57:43 [DEBUG   ] pokemon_stencil.stencil.svg_exporter:91 – Wrote layer SVG: /tmp/pytest-of-root/pytest-3/test_svg_files_written0/pikachu_00/svg/img000_layer01.svg
00:57:43 [DEBUG   ] pokemon_stencil.stencil.svg_exporter:99 – Wrote combined SVG: /tmp/pytest-of-root/pytest-3/test_svg_files_written0/pikachu_00/svg/img000_combined.svg
00:57:43 [INFO    ] pokemon_stencil.factory.factory_runner:228 – FactoryRunner.run | pokemon=Pikachu | count=2 | top_k=2 | workers=1
00:57:43 [INFO    ] pokemon_stencil.image_proc.loader:75 – Found 3 reference image(s) in /tmp/pytest-of-root/pytest-3/test_top_k_capped_at_count0/refs
00:57:43 [DEBUG   ] pokemon_stencil.image_proc.loader:138 – Loaded: /tmp/pytest-of-root/pytest-3/test_top_k_capped_at_count0/refs/ref_00.png
00:57:43 [DEBUG   ] pokemon_stencil.image_proc.loader:138 – Loaded: /tmp/pytest-of-root/pytest-3/test_top_k_capped_at_count0/refs/ref_01.png
00:57:43 [DEBUG   ] pokemon_stencil.image_proc.loader:138 – Loaded: /tmp/pytest-of-root/pytest-3/test_top_k_capped_at_count0/refs/ref_02.png
00:57:43 [INFO    ] pokemon_stencil.image_proc.loader:102 – Loaded 3 valid reference image(s).
00:57:43 [DEBUG   ] pokemon_stencil.image_gen.style_transfer:60 – Style transfer complete.
00:57:43 [DEBUG   ] pokemon_stencil.image_proc.simplifier:64 – Simplification complete; output size: (32, 32)
00:57:43 [DEBUG   ] pokemon_stencil.factory.scoring:95 – Score: clarity=0.312 component=1.000 contrast=1.000 → 0.725
00:57:43 [DEBUG   ] pokemon_stencil.factory.factory_runner:306 – Candidate 0 scored 0.725.
00:57:43 [INFO    ] pokemon_stencil.image_proc.loader:75 – Found 3 reference image(s) in /tmp/pytest-of-root/pytest-3/test_top_k_capped_at_count0/refs
00:57:43 [DEBUG   ] pokemon_stencil.image_proc.loader:138 – Loaded: /tmp/pytest-of-root/pytest-3/test_top_k_capped_at_count0/refs/ref_00.png
00:57:43 [DEBUG   ] pokemon_stencil.image_proc.loader:138 – Loaded: /tmp/pytest-of-root/pytest-3/test_top_k_capped_at_count0/refs/ref_01.png
00:57:43 [DEBUG   ] pokemon_stencil.image_proc.loader:138 – Loaded: /tmp/pytest-of-root/pytest-3/test_top_k_capped_at_count0/refs/ref_02.png
00:57:43 [INFO    ] pokemon_stencil.image_proc.loader:102 – Loaded 3 valid reference image(s).
00:57:43 [DEBUG   ] pokemon_stencil.image_gen.style_transfer:60 – Style transfer complete.
00:57:43 [DEBUG   ] pokemon_stencil.image_proc.simplifier:64 – Simplification complete; output size: (32, 32)
00:57:43 [DEBUG   ] pokemon_stencil.factory.scoring:95 – Score: clarity=0.312 component=1.000 contrast=1.000 → 0.725
00:57:43 [DEBUG   ] pokemon_stencil.factory.factory_runner:306 – Candidate 1 scored 0.725.
00:57:43 [INFO    ] pokemon_stencil.factory.factory_runner:247 – Selected 2/2 valid candidates for stencil conversion.
00:57:43 [INFO    ] pokemon_stencil.factory.factory_runner:263 – Stencil pipeline | rank=0 | candidate=0 | score=0.725 | run=pikachu_00
00:57:43 [DEBUG   ] pokemon_stencil.image_proc.segmenter:116 – Layer 0 | colour=(255, 255, 255) | pixels=512 (50.0%)
00:57:43 [DEBUG   ] pokemon_stencil.image_proc.segmenter:116 – Layer 1 | colour=(0, 0, 0) | pixels=512 (50.0%)
00:57:43 [INFO    ] pokemon_stencil.image_proc.segmenter:128 – Segmentation produced 2 layer(s).
00:57:43 [INFO    ] pokemon_stencil.factory.factory_runner:436 – 2 colour layer(s) for pikachu_00.
00:57:43 [DEBUG   ] pokemon_stencil.stencil.layer_builder:75 – Layer 0: stencil safety applied.
00:57:43 [DEBUG   ] pokemon_stencil.stencil.layer_builder:75 – Layer 1: stencil safety applied.
00:57:43 [WARNING ] pokemon_stencil.vector.tracer:66 – pypotrace not available – using OpenCV contour fallback.
00:57:43 [DEBUG   ] pokemon_stencil.vector.path_builder:61 – Layer 0 traced: 1 path(s) found.
00:57:43 [WARNING ] pokemon_stencil.vector.tracer:66 – pypotrace not available – using OpenCV contour fallback.
00:57:43 [DEBUG   ] pokemon_stencil.vector.path_builder:61 – Layer 1 traced: 1 path(s) found.
00:57:43 [DEBUG   ] pokemon_stencil.stencil.svg_exporter:91 – Wrote layer SVG: /tmp/pytest-of-root/pytest-3/test_top_k_capped_at_count0/pikachu_00/svg/img000_layer00.svg
00:57:43 [DEBUG   ] pokemon_stencil.stencil.svg_exporter:91 – Wrote layer SVG: /tmp/pytest-of-root/pytest-3/test_top_k_capped_at_count0/pikachu_00/svg/img000_layer01.svg
00:57:43 [DEBUG   ] pokemon_stencil.stencil.svg_exporter:99 – Wrote combined SVG: /tmp/pytest-of-root/pytest-3/test_top_k_capped_at_count0/pikachu_00/svg/img000_combined.svg
00:57:43 [INFO    ] pokemon_stencil.factory.factory_runner:263 – Stencil pipeline | rank=1 | candidate=1 | score=0.725 | run=pikachu_01
00:57:43 [DEBUG   ] pokemon_stencil.image_proc.segmenter:116 – Layer 0 | colour=(255, 255, 255) | pixels=512 (50.0%)
00:57:43 [DEBUG   ] pokemon_stencil.image_proc.segmenter:116 – Layer 1 | colour=(0, 0, 0) | pixels=512 (50.0%)
00:57:43 [INFO    ] pokemon_stencil.image_proc.segmenter:128 – Segmentation produced 2 layer(s).
00:57:43 [INFO    ] pokemon_stencil.factory.factory_runner:436 – 2 colour layer(s) for pikachu_01.
00:57:43 [DEBUG   ] pokemon_stencil.stencil.layer_builder:75 – Layer 0: stencil safety applied.
00:57:43 [DEBUG   ] pokemon_stencil.stencil.layer_builder:75 – Layer 1: stencil safety applied.
00:57:43 [WARNING ] pokemon_stencil.vector.tracer:66 – pypotrace not available – using OpenCV contour fallback.
00:57:43 [DEBUG   ] pokemon_stencil.vector.path_builder:61 – Layer 0 traced: 1 path(s) found.
00:57:43 [WARNING ] pokemon_stencil.vector.tracer:66 – pypotrace not available – using OpenCV contour fallback.
00:57:43 [DEBUG   ] pokemon_stencil.vector.path_builder:61 – Layer 1 traced: 1 path(s) found.
00:57:43 [DEBUG   ] pokemon_stencil.stencil.svg_exporter:91 – Wrote layer SVG: /tmp/pytest-of-root/pytest-3/test_top_k_capped_at_count0/pikachu_01/svg/img000_layer00.svg
00:57:43 [DEBUG   ] pokemon_stencil.stencil.svg_exporter:91 – Wrote layer SVG: /tmp/pytest-of-root/pytest-3/test_top_k_capped_at_count0/pikachu_01/svg/img000_layer01.svg
00:57:43 [DEBUG   ] pokemon_stencil.stencil.svg_exporter:99 – Wrote combined SVG: /tmp/pytest-of-root/pytest-3/test_top_k_capped_at_count0/pikachu_01/svg/img000_combined.svg
00:57:43 [INFO    ] pokemon_stencil.factory.factory_runner:228 – FactoryRunner.run | pokemon=Test | count=3 | top_k=1 | workers=1
00:57:43 [INFO    ] pokemon_stencil.factory.factory_runner:247 – Selected 1/3 valid candidates for stencil conversion.
00:57:43 [INFO    ] pokemon_stencil.factory.factory_runner:263 – Stencil pipeline | rank=0 | candidate=2 | score=0.200 | run=test_00
00:57:43 [DEBUG   ] pokemon_stencil.image_proc.segmenter:116 – Layer 0 | colour=(200, 200, 200) | pixels=512 (50.0%)
00:57:43 [DEBUG   ] pokemon_stencil.image_proc.segmenter:116 – Layer 1 | colour=(0, 0, 0) | pixels=512 (50.0%)
00:57:43 [INFO    ] pokemon_stencil.image_proc.segmenter:128 – Segmentation produced 2 layer(s).
00:57:43 [INFO    ] pokemon_stencil.factory.factory_runner:436 – 2 colour layer(s) for test_00.
00:57:43 [DEBUG   ] pokemon_stencil.stencil.layer_builder:75 – Layer 0: stencil safety applied.
00:57:43 [DEBUG   ] pokemon_stencil.stencil.layer_builder:75 – Layer 1: stencil safety applied.
00:57:43 [WARNING ] pokemon_stencil.vector.tracer:66 – pypotrace not available – using OpenCV contour fallback.
00:57:43 [DEBUG   ] pokemon_stencil.vector.path_builder:61 – Layer 0 traced: 1 path(s) found.
00:57:43 [WARNING ] pokemon_stencil.vector.tracer:66 – pypotrace not available – using OpenCV contour fallback.
00:57:43 [DEBUG   ] pokemon_stencil.vector.path_builder:61 – Layer 1 traced: 1 path(s) found.
00:57:43 [DEBUG   ] pokemon_stencil.stencil.svg_exporter:91 – Wrote layer SVG: /tmp/pytest-of-root/pytest-3/test_selects_highest_scoring_c0/test_00/svg/img000_layer00.svg
00:57:43 [DEBUG   ] pokemon_stencil.stencil.svg_exporter:91 – Wrote layer SVG: /tmp/pytest-of-root/pytest-3/test_selects_highest_scoring_c0/test_00/svg/img000_layer01.svg
00:57:43 [DEBUG   ] pokemon_stencil.stencil.svg_exporter:99 – Wrote combined SVG: /tmp/pytest-of-root/pytest-3/test_selects_highest_scoring_c0/test_00/svg/img000_combined.svg
00:57:43 [INFO    ] pokemon_stencil.factory.factory_runner:228 – FactoryRunner.run | pokemon=Test | count=2 | top_k=1 | workers=1
00:57:43 [INFO    ] pokemon_stencil.factory.factory_runner:247 – Selected 0/0 valid candidates for stencil conversion.
00:59:22 [DEBUG   ] pokemon_stencil.logging_config:97 – Logging initialised (verbose=False, file=outputs/pokemon_stencil.log)
00:59:22 [INFO    ] pokemon_stencil.cli:170 – Command: generate | pokemon=Pikachu | count=1
00:59:22 [DEBUG   ] pokemon_stencil.logging_config:97 – Logging initialised (verbose=False, file=outputs/pokemon_stencil.log)
00:59:22 [INFO    ] pokemon_stencil.cli:332 – Command: batch | config=/tmp/pytest-of-root/pytest-5/test_invalid_json_config_exits0/bad.json | count=3 | workers=1
00:59:22 [DEBUG   ] pokemon_stencil.logging_config:97 – Logging initialised (verbose=False, file=outputs/pokemon_stencil.log)
00:59:22 [INFO    ] pokemon_stencil.cli:332 – Command: batch | config=/tmp/pytest-of-root/pytest-5/test_config_missing_name_key_e0/bad.json | count=3 | workers=1
00:59:22 [DEBUG   ] pokemon_stencil.logging_config:97 – Logging initialised (verbose=False, file=outputs/pokemon_stencil.log)
00:59:22 [INFO    ] pokemon_stencil.cli:332 – Command: batch | config=/tmp/pytest-of-root/pytest-5/test_workers_option_accepted0/cfg.json | count=3 | workers=2
00:59:22 [INFO    ] pokemon_stencil.batch.batch_runner:196 – Batch starting: 3 job(s) | workers=2 | skip_generation=False
00:59:22 [INFO    ] pokemon_stencil.batch.batch_runner:266 – Spawning 2 worker process(es).
00:59:24 [INFO    ] pokemon_stencil.factory.factory_runner:228 – FactoryRunner.run | pokemon=Pikachu | count=2 | top_k=1 | workers=1
00:59:24 [INFO    ] pokemon_stencil.image_proc.loader:75 – Found 3 reference image(s) in /tmp/pytest-of-root/pytest-5/test_returns_factory_result0/refs
00:59:24 [DEBUG   ] pokemon_stencil.image_proc.loader:138 – Loaded: /tmp/pytest-of-root/pytest-5/test_returns_factory_result0/refs/ref_00.png
00:59:24 [DEBUG   ] pokemon_stencil.image_proc.loader:138 – Loaded: /tmp/pytest-of-root/pytest-5/test_returns_factory_result0/refs/ref_01.png
00:59:24 [DEBUG   ] pokemon_stencil.image_proc.loader:138 – Loaded: /tmp/pytest-of-root/pytest-5/test_returns_factory_result0/refs/ref_02.png
00:59:24 [INFO    ] pokemon_stencil.image_proc.loader:102 – Loaded 3 valid reference image(s).
00:59:24 [DEBUG   ] pokemon_stencil.image_gen.style_transfer:60 – Style transfer complete.
00:59:24 [DEBUG   ] pokemon_stencil.image_proc.simplifier:64 – Simplification complete; output size: (32, 32)
00:59:24 [DEBUG   ] pokemon_stencil.factory.scoring:95 – Score: clarity=0.312 component=1.000 contrast=1.000 → 0.725
00:59:24 [DEBUG   ] pokemon_stencil.factory.factory_runner:306 – Candidate 0 scored 0.725.
00:59:24 [INFO    ] pokemon_stencil.image_proc.loader:75 – Found 3 reference image(s) in /tmp/pytest-of-root/pytest-5/test_returns_factory_result0/refs
00:59:24 [DEBUG   ] pokemon_stencil.image_proc.loader:138 – Loaded: /tmp/pytest-of-root/pytest-5/test_returns_factory_result0/refs/ref_00.png
00:59:24 [DEBUG   ] pokemon_stencil.image_proc.loader:138 – Loaded: /tmp/pytest-of-root/pytest-5/test_returns_factory_result0/refs/ref_01.png
00:59:24 [DEBUG   ] pokemon_stencil.image_proc.loader:138 – Loaded: /tmp/pytest-of-root/pytest-5/test_returns_factory_result0/refs/ref_02.png
00:59:24 [INFO    ] pokemon_stencil.image_proc.loader:102 – Loaded 3 valid reference image(s).
00:59:24 [DEBUG   ] pokemon_stencil.image_gen.style_transfer:60 – Style transfer complete.
00:59:24 [DEBUG   ] pokemon_stencil.image_proc.simplifier:64 – Simplification complete; output size: (32, 32)
00:59:24 [DEBUG   ] pokemon_stencil.factory.scoring:95 – Score: clarity=0.312 component=1.000 contrast=1.000 → 0.725
00:59:24 [DEBUG   ] pokemon_stencil.factory.factory_runner:306 – Candidate 1 scored 0.725.
00:59:24 [INFO    ] pokemon_stencil.factory.factory_runner:247 – Selected 1/2 valid candidates for stencil conversion.
00:59:24 [INFO    ] pokemon_stencil.factory.factory_runner:263 – Stencil pipeline | rank=0 | candidate=0 | score=0.725 | run=pikachu_00
00:59:24 [DEBUG   ] pokemon_stencil.image_proc.segmenter:116 – Layer 0 | colour=(255, 255, 255) | pixels=512 (50.0%)
00:59:24 [DEBUG   ] pokemon_stencil.image_proc.segmenter:116 – Layer 1 | colour=(0, 0, 0) | pixels=512 (50.0%)
00:59:24 [INFO    ] pokemon_stencil.image_proc.segmenter:128 – Segmentation produced 2 layer(s).
00:59:24 [INFO    ] pokemon_stencil.factory.factory_runner:436 – 2 colour layer(s) for pikachu_00.
00:59:24 [DEBUG   ] pokemon_stencil.stencil.layer_builder:75 – Layer 0: stencil safety applied.
00:59:24 [DEBUG   ] pokemon_stencil.stencil.layer_builder:75 – Layer 1: stencil safety applied.
00:59:24 [WARNING ] pokemon_stencil.vector.tracer:66 – pypotrace not available – using OpenCV contour fallback.
00:59:24 [DEBUG   ] pokemon_stencil.vector.path_builder:61 – Layer 0 traced: 1 path(s) found.
00:59:24 [WARNING ] pokemon_stencil.vector.tracer:66 – pypotrace not available – using OpenCV contour fallback.
00:59:24 [DEBUG   ] pokemon_stencil.vector.path_builder:61 – Layer 1 traced: 1 path(s) found.
00:59:24 [DEBUG   ] pokemon_stencil.stencil.svg_exporter:91 – Wrote layer SVG: /tmp/pytest-of-root/pytest-5/test_returns_factory_result0/pikachu_00/svg/img000_layer00.svg
00:59:24 [DEBUG   ] pokemon_stencil.stencil.svg_exporter:91 – Wrote layer SVG: /tmp/pytest-of-root/pytest-5/test_returns_factory_result0/pikachu_00/svg/img000_layer01.svg
00:59:24 [DEBUG   ] pokemon_stencil.stencil.svg_exporter:99 – Wrote combined SVG: /tmp/pytest-of-root/pytest-5/test_returns_factory_result0/pikachu_00/svg/img000_combined.svg
00:59:24 [INFO    ] pokemon_stencil.factory.factory_runner:228 – FactoryRunner.run | pokemon=Gengar | count=2 | top_k=1 | workers=1
00:59:24 [INFO    ] pokemon_stencil.image_proc.loader:75 – Found 3 reference image(s) in /tmp/pytest-of-root/pytest-5/test_pokemon_name_in_result0/refs
00:59:24 [DEBUG   ] pokemon_stencil.image_proc.loader:138 – Loaded: /tmp/pytest-of-root/pytest-5/test_pokemon_name_in_result0/refs/ref_00.png
00:59:24 [DEBUG   ] pokemon_stencil.image_proc.loader:138 – Loaded: /tmp/pytest-of-root/pytest-5/test_pokemon_name_in_result0/refs/ref_01.png
00:59:24 [DEBUG   ] pokemon_stencil.image_proc.loader:138 – Loaded: /tmp/pytest-of-root/pytest-5/test_pokemon_name_in_result0/refs/ref_02.png
00:59:24 [INFO    ] pokemon_stencil.image_proc.loader:102 – Loaded 3 valid reference image(s).
00:59:24 [DEBUG   ] pokemon_stencil.image_gen.style_transfer:60 – Style transfer complete.
00:59:24 [DEBUG   ] pokemon_stencil.image_proc.simplifier:64 – Simplification complete; output size: (32, 32)
00:59:24 [DEBUG   ] pokemon_stencil.factory.scoring:95 – Score: clarity=0.312 component=1.000 contrast=1.000 → 0.725
00:59:24 [DEBUG   ] pokemon_stencil.factory.factory_runner:306 – Candidate 0 scored 0.725.
00:59:24 [INFO    ] pokemon_stencil.image_proc.loader:75 – Found 3 reference image(s) in /tmp/pytest-of-root/pytest-5/test_pokemon_name_in_result0/refs
00:59:24 [DEBUG   ] pokemon_stencil.image_proc.loader:138 – Loaded: /tmp/pytest-of-root/pytest-5/test_pokemon_name_in_result0/refs/ref_00.png
00:59:24 [DEBUG   ] pokemon_stencil.image_proc.loader:138 – Loaded: /tmp/pytest-of-root/pytest-5/test_pokemon_name_in_result0/refs/ref_01.png
00:59:24 [DEBUG   ] pokemon_stencil.image_proc.loader:138 – Loaded: /tmp/pytest-of-root/pytest-5/test_pokemon_name_in_result0/refs/ref_02.png
00:59:24 [INFO    ] pokemon_stencil.image_proc.loader:102 – Loaded 3 valid reference image(s).
00:59:24 [DEBUG   ] pokemon_stencil.image_gen.style_transfer:60 – Style transfer complete.
00:59:24 [DEBUG   ] pokemon_stencil.image_proc.simplifier:64 – Simplification complete; output size: (32, 32)
00:59:24 [DEBUG   ] pokemon_stencil.factory.scoring:95 – Score: clarity=0.312 component=1.000 contrast=1.000 → 0.725
00:59:24 [DEBUG   ] pokemon_stencil.factory.factory_runner:306 – Candidate 1 scored 0.725.
00:59:24 [INFO    ] pokemon_stencil.factory.factory_runner:247 – Selected 1/2 valid candidates for stencil conversion.
00:59:24 [INFO    ] pokemon_stencil.factory.factory_runner:263 – Stencil pipeline | rank=0 | candidate=0 | score=0.725 | run=gengar_00
00:59:24 [DEBUG   ] pokemon_stencil.image_proc.segmenter:116 – Layer 0 | colour=(255, 255, 255) | pixels=512 (50.0%)
00:59:24 [DEBUG   ] pokemon_stencil.image_proc.segmenter:116 – Layer 1 | colour=(0, 0, 0) | pixels=512 (50.0%)
00:59:24 [INFO    ] pokemon_stencil.image_proc.segmenter:128 – Segmentation produced 2 layer(s).
00:59:24 [INFO    ] pokemon_stencil.factory.factory_runner:436 – 2 colour layer(s) for gengar_00.
00:59:24 [DEBUG   ] pokemon_stencil.stencil.layer_builder:75 – Layer 0: stencil safety applied.
00:59:24 [DEBUG   ] pokemon_stencil.stencil.layer_builder:75 – Layer 1: stencil safety applied.
00:59:24 [WARNING ] pokemon_stencil.vector.tracer:66 – pypotrace not available – using OpenCV contour fallback.
00:59:24 [DEBUG   ] pokemon_stencil.vector.path_builder:61 – Layer 0 traced: 1 path(s) found.
00:59:24 [WARNING ] pokemon_stencil.vector.tracer:66 – pypotrace not available – using OpenCV contour fallback.
00:59:24 [DEBUG   ] pokemon_stencil.vector.path_builder:61 – Layer 1 traced: 1 path(s) found.
00:59:24 [DEBUG   ] pokemon_stencil.stencil.svg_exporter:91 – Wrote layer SVG: /tmp/pytest-of-root/pytest-5/test_pokemon_name_in_result0/gengar_00/svg/img000_layer00.svg
00:59:24 [DEBUG   ] pokemon_stencil.stencil.svg_exporter:91 – Wrote layer SVG: /tmp/pytest-of-root/pytest-5/test_pokemon_name_in_result0/gengar_00/svg/img000_layer01.svg
00:59:24 [DEBUG   ] pokemon_stencil.stencil.svg_exporter:99 – Wrote combined SVG: /tmp/pytest-of-root/pytest-5/test_pokemon_name_in_result0/gengar_00/svg/img000_combined.svg
00:59:24 [INFO    ] pokemon_stencil.factory.factory_runner:228 – FactoryRunner.run | pokemon=Pikachu | count=3 | top_k=1 | workers=1
00:59:24 [INFO    ] pokemon_stencil.image_proc.loader:75 – Found 3 reference image(s) in /tmp/pytest-of-root/pytest-5/test_total_candidates_recorded0/refs
00:59:24 [DEBUG   ] pokemon_stencil.image_proc.loader:138 – Loaded: /tmp/pytest-of-root/pytest-5/test_total_candidates_recorded0/refs/ref_00.png
00:59:24 [DEBUG   ] pokemon_stencil.image_proc.loader:138 – Loaded: /tmp/pytest-of-root/pytest-5/test_total_candidates_recorded0/refs/ref_01.png
00:59:24 [DEBUG   ] pokemon_stencil.image_proc.loader:138 – Loaded: /tmp/pytest-of-root/pytest-5/test_total_candidates_recorded0/refs/ref_02.png
00:59:24 [INFO    ] pokemon_stencil.image_proc.loader:102 – Loaded 3 valid reference image(s).
00:59:24 [DEBUG   ] pokemon_stencil.image_gen.style_transfer:60 – Style transfer complete.
00:59:24 [DEBUG   ] pokemon_stencil.image_proc.simplifier:64 – Simplification complete; output size: (32, 32)
00:59:24 [DEBUG   ] pokemon_stencil.factory.scoring:95 – Score: clarity=0.312 component=1.000 contrast=1.000 → 0.725
00:59:24 [DEBUG   ] pokemon_stencil.factory.factory_runner:306 – Candidate 0 scored 0.725.
00:59:24 [INFO    ] pokemon_stencil.image_proc.loader:75 – Found 3 reference image(s) in /tmp/pytest-of-root/pytest-5/test_total_candidates_recorded0/refs
00:59:24 [DEBUG   ] pokemon_stencil.image_proc.loader:138 – Loaded: /tmp/pytest-of-root/pytest-5/test_total_candidates_recorded0/refs/ref_00.png
00:59:24 [DEBUG   ] pokemon_stencil.image_proc.loader:138 – Loaded: /tmp/pytest-of-root/pytest-5/test_total_candidates_recorded0/refs/ref_01.png
00:59:24 [DEBUG   ] pokemon_stencil.image_proc.loader:138 – Loaded: /tmp/pytest-of-root/pytest-5/test_total_candidates_recorded0/refs/ref_02.png
00:59:24 [INFO    ] pokemon_stencil.image_proc.loader:102 – Loaded 3 valid reference image(s).
00:59:24 [DEBUG   ] pokemon_stencil.image_gen.style_transfer:60 – Style transfer complete.
00:59:24 [DEBUG   ] pokemon_stencil.image_proc.simplifier:64 – Simplification complete; output size: (32, 32)
00:59:24 [DEBUG   ] pokemon_stencil.factory.scoring:95 – Score: clarity=0.312 component=1.000 contrast=1.000 → 0.725
00:59:24 [DEBUG   ] pokemon_stencil.factory.factory_runner:306 – Candidate 1 scored 0.725.
00:59:24 [INFO    ] pokemon_stencil.image_proc.loader:75 – Found 3 reference image(s) in /tmp/pytest-of-root/pytest-5/test_total_candidates_recorded0/refs
00:59:24 [DEBUG   ] pokemon_stencil.image_proc.loader:138 – Loaded: /tmp/pytest-of-root/pytest-5/test_total_candidates_recorded0/refs/ref_00.png
00:59:24 [DEBUG   ] pokemon_stencil.image_proc.loader:138 – Loaded: /tmp/pytest-of-root/pytest-5/test_total_candidates_recorded0/refs/ref_01.png
00:59:24 [DEBUG   ] pokemon_stencil.image_proc.loader:138 – Loaded: /tmp/pytest-of-root/pytest-5/test_total_candidates_recorded0/refs/ref_02.png
00:59:24 [INFO    ] pokemon_stencil.image_proc.loader:102 – Loaded 3 valid reference image(s).
00:59:24 [DEBUG   ] pokemon_stencil.image_gen.style_transfer:60 – Style transfer complete.
00:59:24 [DEBUG   ] pokemon_stencil.image_proc.simplifier:64 – Simplification complete; output size: (32, 32)
00:59:24 [DEBUG   ] pokemon_stencil.factory.scoring:95 – Score: clarity=0.312 component=1.000 contrast=1.000 → 0.725
00:59:24 [DEBUG   ] pokemon_stencil.factory.factory_runner:306 – Candidate 2 scored 0.725.
00:59:24 [INFO    ] pokemon_stencil.factory.factory_runner:247 – Selected 1/3 valid candidates for stencil conversion.
00:59:24 [INFO    ] pokemon_stencil.factory.factory_runner:263 – Stencil pipeline | rank=0 | candidate=0 | score=0.725 | run=pikachu_00
00:59:24 [DEBUG   ] pokemon_stencil.image_proc.segmenter:116 – Layer 0 | colour=(255, 255, 255) | pixels=512 (50.0%)
00:59:24 [DEBUG   ] pokemon_stencil.image_proc.segmenter:116 – Layer 1 | colour=(0, 0, 0) | pixels=512 (50.0%)
00:59:24 [INFO    ] pokemon_stencil.image_proc.segmenter:128 – Segmentation produced 2 layer(s).
00:59:24 [INFO    ] pokemon_stencil.factory.factory_runner:436 – 2 colour layer(s) for pikachu_00.
00:59:24 [DEBUG   ] pokemon_stencil.stencil.layer_builder:75 – Layer 0: stencil safety applied.
00:59:24 [DEBUG   ] pokemon_stencil.stencil.layer_builder:75 – Layer 1: stencil safety applied.
00:59:24 [WARNING ] pokemon_stencil.vector.tracer:66 – pypotrace not available – using OpenCV contour fallback.
00:59:24 [DEBUG   ] pokemon_stencil.vector.path_builder:61 – Layer 0 traced: 1 path(s) found.
00:59:24 [WARNING ] pokemon_stencil.vector.tracer:66 – pypotrace not available – using OpenCV contour fallback.
00:59:24 [DEBUG   ] pokemon_stencil.vector.path_builder:61 – Layer 1 traced: 1 path(s) found.
00:59:24 [DEBUG   ] pokemon_stencil.stencil.svg_exporter:91 – Wrote layer SVG: /tmp/pytest-of-root/pytest-5/test_total_candidates_recorded0/pikachu_00/svg/img000_layer00.svg
00:59:24 [DEBUG   ] pokemon_stencil.stencil.svg_exporter:91 – Wrote layer SVG: /tmp/pytest-of-root/pytest-5/test_total_candidates_recorded0/pikachu_00/svg/img000_layer01.svg
00:59:24 [DEBUG   ] pokemon_stencil.stencil.svg_exporter:99 – Wrote combined SVG: /tmp/pytest-of-root/pytest-5/test_total_candidates_recorded0/pikachu_00/svg/img000_combined.svg
00:59:24 [INFO    ] pokemon_stencil.factory.factory_runner:228 – FactoryRunner.run | pokemon=Pikachu | count=3 | top_k=2 | workers=1
00:59:24 [INFO    ] pokemon_stencil.image_proc.loader:75 – Found 3 reference image(s) in /tmp/pytest-of-root/pytest-5/test_top_k_recorded0/refs
00:59:24 [DEBUG   ] pokemon_stencil.image_proc.loader:138 – Loaded: /tmp/pytest-of-root/pytest-5/test_top_k_recorded0/refs/ref_00.png
00:59:24 [DEBUG   ] pokemon_stencil.image_proc.loader:138 – Loaded: /tmp/pytest-of-root/pytest-5/test_top_k_recorded0/refs/ref_01.png
00:59:24 [DEBUG   ] pokemon_stencil.image_proc.loader:138 – Loaded: /tmp/pytest-of-root/pytest-5/test_top_k_recorded0/refs/ref_02.png
00:59:24 [INFO    ] pokemon_stencil.image_proc.loader:102 – Loaded 3 valid reference image(s).
00:59:24 [DEBUG   ] pokemon_stencil.image_gen.style_transfer:60 – Style transfer complete.
00:59:24 [DEBUG   ] pokemon_stencil.image_proc.simplifier:64 – Simplification complete; output size: (32, 32)
00:59:24 [DEBUG   ] pokemon_stencil.factory.scoring:95 – Score: clarity=0.312 component=1.000 contrast=1.000 → 0.725
00:59:24 [DEBUG   ] pokemon_stencil.factory.factory_runner:306 – Candidate 0 scored 0.725.
00:59:24 [INFO    ] pokemon_stencil.image_proc.loader:75 – Found 3 reference image(s) in /tmp/pytest-of-root/pytest-5/test_top_k_recorded0/refs
00:59:24 [DEBUG   ] pokemon_stencil.image_proc.loader:138 – Loaded: /tmp/pytest-of-root/pytest-5/test_top_k_recorded0/refs/ref_00.png
00:59:24 [DEBUG   ] pokemon_stencil.image_proc.loader:138 – Loaded: /tmp/pytest-of-root/pytest-5/test_top_k_recorded0/refs/ref_01.png
00:59:24 [DEBUG   ] pokemon_stencil.image_proc.loader:138 – Loaded: /tmp/pytest-of-root/pytest-5/test_top_k_recorded0/refs/ref_02.png
00:59:24 [INFO    ] pokemon_stencil.image_proc.loader:102 – Loaded 3 valid reference image(s).
00:59:24 [DEBUG   ] pokemon_stencil.image_gen.style_transfer:60 – Style transfer complete.
00:59:24 [DEBUG   ] pokemon_stencil.image_proc.simplifier:64 – Simplification complete; output size: (32, 32)
00:59:24 [DEBUG   ] pokemon_stencil.factory.scoring:95 – Score: clarity=0.312 component=1.000 contrast=1.000 → 0.725
00:59:24 [DEBUG   ] pokemon_stencil.factory.factory_runner:306 – Candidate 1 scored 0.725.
00:59:24 [INFO    ] pokemon_stencil.image_proc.loader:75 – Found 3 reference image(s) in /tmp/pytest-of-root/pytest-5/test_top_k_recorded0/refs
00:59:24 [DEBUG   ] pokemon_stencil.image_proc.loader:138 – Loaded: /tmp/pytest-of-root/pytest-5/test_top_k_recorded0/refs/ref_00.png
00:59:24 [DEBUG   ] pokemon_stencil.image_proc.loader:138 – Loaded: /tmp/pytest-of-root/pytest-5/test_top_k_recorded0/refs/ref_01.png
00:59:24 [DEBUG   ] pokemon_stencil.image_proc.loader:138 – Loaded: /tmp/pytest-of-root/pytest-5/test_top_k_recorded0/refs/ref_02.png
00:59:24 [INFO    ] pokemon_stencil.image_proc.loader:102 – Loaded 3 valid reference image(s).
00:59:24 [DEBUG   ] pokemon_stencil.image_gen.style_transfer:60 – Style transfer complete.
00:59:24 [DEBUG   ] pokemon_stencil.image_proc.simplifier:64 – Simplification complete; output size: (32, 32)
00:59:24 [DEBUG   ] pokemon_stencil.factory.scoring:95 – Score: clarity=0.312 component=1.000 contrast=1.000 → 0.725
00:59:24 [DEBUG   ] pokemon_stencil.factory.factory_runner:306 – Candidate 2 scored 0.725.
00:59:24 [INFO    ] pokemon_stencil.factory.factory_runner:247 – Selected 2/3 valid candidates for stencil conversion.
00:59:24 [INFO    ] pokemon_stencil.factory.factory_runner:263 – Stencil pipeline | rank=0 | candidate=0 | score=0.725 | run=pikachu_00
00:59:24 [DEBUG   ] pokemon_stencil.image_proc.segmenter:116 – Layer 0 | colour=(255, 255, 255) | pixels=512 (50.0%)
00:59:24 [DEBUG   ] pokemon_stencil.image_proc.segmenter:116 – Layer 1 | colour=(0, 0, 0) | pixels=512 (50.0%)
00:59:24 [INFO    ] pokemon_stencil.image_proc.segmenter:128 – Segmentation produced 2 layer(s).
00:59:24 [INFO    ] pokemon_stencil.factory.factory_runner:436 – 2 colour layer(s) for pikachu_00.
00:59:24 [DEBUG   ] pokemon_stencil.stencil.layer_builder:75 – Layer 0: stencil safety applied.
00:59:24 [DEBUG   ] pokemon_stencil.stencil.layer_builder:75 – Layer 1: stencil safety applied.
00:59:24 [WARNING ] pokemon_stencil.vector.tracer:66 – pypotrace not available – using OpenCV contour fallback.
00:59:24 [DEBUG   ] pokemon_stencil.vector.path_builder:61 – Layer 0 traced: 1 path(s) found.
00:59:24 [WARNING ] pokemon_stencil.vector.tracer:66 – pypotrace not available – using OpenCV contour fallback.
00:59:24 [DEBUG   ] pokemon_stencil.vector.path_builder:61 – Layer 1 traced: 1 path(s) found.
00:59:24 [DEBUG   ] pokemon_stencil.stencil.svg_exporter:91 – Wrote layer SVG: /tmp/pytest-of-root/pytest-5/test_top_k_recorded0/pikachu_00/svg/img000_layer00.svg
00:59:24 [DEBUG   ] pokemon_stencil.stencil.svg_exporter:91 – Wrote layer SVG: /tmp/pytest-of-root/pytest-5/test_top_k_recorded0/pikachu_00/svg/img000_layer01.svg
00:59:24 [DEBUG   ] pokemon_stencil.stencil.svg_exporter:99 – Wrote combined SVG: /tmp/pytest-of-root/pytest-5/test_top_k_recorded0/pikachu_00/svg/img000_combined.svg
00:59:24 [INFO    ] pokemon_stencil.factory.factory_runner:263 – Stencil pipeline | rank=1 | candidate=1 | score=0.725 | run=pikachu_01
00:59:24 [DEBUG   ] pokemon_stencil.image_proc.segmenter:116 – Layer 0 | colour=(255, 255, 255) | pixels=512 (50.0%)
00:59:24 [DEBUG   ] pokemon_stencil.image_proc.segmenter:116 – Layer 1 | colour=(0, 0, 0) | pixels=512 (50.0%)
00:59:24 [INFO    ] pokemon_stencil.image_proc.segmenter:128 – Segmentation produced 2 layer(s).
00:59:24 [INFO    ] pokemon_stencil.factory.factory_runner:436 – 2 colour layer(s) for pikachu_01.
00:59:24 [DEBUG   ] pokemon_stencil.stencil.layer_builder:75 – Layer 0: stencil safety applied.
00:59:24 [DEBUG   ] pokemon_stencil.stencil.layer_builder:75 – Layer 1: stencil safety applied.
00:59:24 [WARNING ] pokemon_stencil.vector.tracer:66 – pypotrace not available – using OpenCV contour fallback.
00:59:24 [DEBUG   ] pokemon_stencil.vector.path_builder:61 – Layer 0 traced: 1 path(s) found.
00:59:24 [WARNING ] pokemon_stencil.vector.tracer:66 – pypotrace not available – using OpenCV contour fallback.
00:59:24 [DEBUG   ] pokemon_stencil.vector.path_builder:61 – Layer 1 traced: 1 path(s) found.
00:59:24 [DEBUG   ] pokemon_stencil.stencil.svg_exporter:91 – Wrote layer SVG: /tmp/pytest-of-root/pytest-5/test_top_k_recorded0/pikachu_01/svg/img000_layer00.svg
00:59:24 [DEBUG   ] pokemon_stencil.stencil.svg_exporter:91 – Wrote layer SVG: /tmp/pytest-of-root/pytest-5/test_top_k_recorded0/pikachu_01/svg/img000_layer01.svg
00:59:24 [DEBUG   ] pokemon_stencil.stencil.svg_exporter:99 – Wrote combined SVG: /tmp/pytest-of-root/pytest-5/test_top_k_recorded0/pikachu_01/svg/img000_combined.svg
00:59:24 [INFO    ] pokemon_stencil.factory.factory_runner:228 – FactoryRunner.run | pokemon=Pikachu | count=3 | top_k=2 | workers=1
00:59:24 [INFO    ] pokemon_stencil.image_proc.loader:75 – Found 3 reference image(s) in /tmp/pytest-of-root/pytest-5/test_at_most_top_k_pipeline_re0/refs
00:59:24 [DEBUG   ] pokemon_stencil.image_proc.loader:138 – Loaded: /tmp/pytest-of-root/pytest-5/test_at_most_top_k_pipeline_re0/refs/ref_00.png
00:59:24 [DEBUG   ] pokemon_stencil.image_proc.loader:138 – Loaded: /tmp/pytest-of-root/pytest-5/test_at_most_top_k_pipeline_re0/refs/ref_01.png
00:59:24 [DEBUG   ] pokemon_stencil.image_proc.loader:138 – Loaded: /tmp/pytest-of-root/pytest-5/test_at_most_top_k_pipeline_re0/refs/ref_02.png
00:59:24 [INFO    ] pokemon_stencil.image_proc.loader:102 – Loaded 3 valid reference image(s).
00:59:24 [DEBUG   ] pokemon_stencil.image_gen.style_transfer:60 – Style transfer complete.
00:59:24 [DEBUG   ] pokemon_stencil.image_proc.simplifier:64 – Simplification complete; output size: (32, 32)
00:59:24 [DEBUG   ] pokemon_stencil.factory.scoring:95 – Score: clarity=0.312 component=1.000 contrast=1.000 → 0.725
00:59:24 [DEBUG   ] pokemon_stencil.factory.factory_runner:306 – Candidate 0 scored 0.725.
00:59:24 [INFO    ] pokemon_stencil.image_proc.loader:75 – Found 3 reference image(s) in /tmp/pytest-of-root/pytest-5/test_at_most_top_k_pipeline_re0/refs
00:59:24 [DEBUG   ] pokemon_stencil.image_proc.loader:138 – Loaded: /tmp/pytest-of-root/pytest-5/test_at_most_top_k_pipeline_re0/refs/ref_00.png
00:59:24 [DEBUG   ] pokemon_stencil.image_proc.loader:138 – Loaded: /tmp/pytest-of-root/pytest-5/test_at_most_top_k_pipeline_re0/refs/ref_01.png
00:59:24 [DEBUG   ] pokemon_stencil.image_proc.loader:138 – Loaded: /tmp/pytest-of-root/pytest-5/test_at_most_top_k_pipeline_re0/refs/ref_02.png
00:59:24 [INFO    ] pokemon_stencil.image_proc.loader:102 – Loaded 3 valid reference image(s).
00:59:24 [DEBUG   ] pokemon_stencil.image_gen.style_transfer:60 – Style transfer complete.
00:59:24 [DEBUG   ] pokemon_stencil.image_proc.simplifier:64 – Simplification complete; output size: (32, 32)
00:59:24 [DEBUG   ] pokemon_stencil.factory.scoring:95 – Score: clarity=0.312 component=1.000 contrast=1.000 → 0.725
00:59:24 [DEBUG   ] pokemon_stencil.factory.factory_runner:306 – Candidate 1 scored 0.725.
00:59:24 [INFO    ] pokemon_stencil.image_proc.loader:75 – Found 3 reference image(s) in /tmp/pytest-of-root/pytest-5/test_at_most_top_k_pipeline_re0/refs
00:59:24 [DEBUG   ] pokemon_stencil.image_proc.loader:138 – Loaded: /tmp/pytest-of-root/pytest-5/test_at_most_top_k_pipeline_re0/refs/ref_00.png
00:59:24 [DEBUG   ] pokemon_stencil.image_proc.loader:138 – Loaded: /tmp/pytest-of-root/pytest-5/test_at_most_top_k_pipeline_re0/refs/ref_01.png
00:59:24 [DEBUG   ] pokemon_stencil.image_proc.loader:138 – Loaded: /tmp/pytest-of-root/pytest-5/test_at_most_top_k_pipeline_re0/refs/ref_02.png
00:59:24 [INFO    ] pokemon_stencil.image_proc.loader:102 – Loaded 3 valid reference image(s).
00:59:24 [DEBUG   ] pokemon_stencil.image_gen.style_transfer:60 – Style transfer complete.
00:59:24 [DEBUG   ] pokemon_stencil.image_proc.simplifier:64 – Simplification complete; output size: (32, 32)
00:59:24 [DEBUG   ] pokemon_stencil.factory.scoring:95 – Score: clarity=0.312 component=1.000 contrast=1.000 → 0.725
00:59:24 [DEBUG   ] pokemon_stencil.factory.factory_runner:306 – Candidate 2 scored 0.725.
00:59:24 [INFO    ] pokemon_stencil.factory.factory_runner:247 – Selected 2/3 valid candidates for stencil conversion.
00:59:24 [INFO    ] pokemon_stencil.factory.factory_runner:263 – Stencil pipeline | rank=0 | candidate=0 | score=0.725 | run=pikachu_00
00:59:24 [DEBUG   ] pokemon_stencil.image_proc.segmenter:116 – Layer 0 | colour=(255, 255, 255) | pixels=512 (50.0%)
00:59:24 [DEBUG   ] pokemon_stencil.image_proc.segmenter:116 – Layer 1 | colour=(0, 0, 0) | pixels=512 (50.0%)
00:59:24 [INFO    ] pokemon_stencil.image_proc.segmenter:128 – Segmentation produced 2 layer(s).
00:59:24 [INFO    ] pokemon_stencil.factory.factory_runner:436 – 2 colour layer(s) for pikachu_00.
00:59:24 [DEBUG   ] pokemon_stencil.stencil.layer_builder:75 – Layer 0: stencil safety applied.
00:59:24 [DEBUG   ] pokemon_stencil.stencil.layer_builder:75 – Layer 1: stencil safety applied.
00:59:24 [WARNING ] pokemon_stencil.vector.tracer:66 – pypotrace not available – using OpenCV contour fallback.
00:59:24 [DEBUG   ] pokemon_stencil.vector.path_builder:61 – Layer 0 traced: 1 path(s) found.
00:59:24 [WARNING ] pokemon_stencil.vector.tracer:66 – pypotrace not available – using OpenCV contour fallback.
00:59:24 [DEBUG   ] pokemon_stencil.vector.path_builder:61 – Layer 1 traced: 1 path(s) found.
00:59:24 [DEBUG   ] pokemon_stencil.stencil.svg_exporter:91 – Wrote layer SVG: /tmp/pytest-of-root/pytest-5/test_at_most_top_k_pipeline_re0/pikachu_00/svg/img000_layer00.svg
00:59:24 [DEBUG   ] pokemon_stencil.stencil.svg_exporter:91 – Wrote layer SVG: /tmp/pytest-of-root/pytest-5/test_at_most_top_k_pipeline_re0/pikachu_00/svg/img000_layer01.svg
00:59:24 [DEBUG   ] pokemon_stencil.stencil.svg_exporter:99 – Wrote combined SVG: /tmp/pytest-of-root/pytest-5/test_at_most_top_k_pipeline_re0/pikachu_00/svg/img000_combined.svg
00:59:24 [INFO    ] pokemon_stencil.factory.factory_runner:263 – Stencil pipeline | rank=1 | candidate=1 | score=0.725 | run=pikachu_01
00:59:24 [DEBUG   ] pokemon_stencil.image_proc.segmenter:116 – Layer 0 | colour=(255, 255, 255) | pixels=512 (50.0%)
00:59:24 [DEBUG   ] pokemon_stencil.image_proc.segmenter:116 – Layer 1 | colour=(0, 0, 0) | pixels=512 (50.0%)
00:59:24 [INFO    ] pokemon_stencil.image_proc.segmenter:128 – Segmentation produced 2 layer(s).
00:59:24 [INFO    ] pokemon_stencil.factory.factory_runner:436 – 2 colour layer(s) for pikachu_01.
00:59:24 [DEBUG   ] pokemon_stencil.stencil.layer_builder:75 – Layer 0: stencil safety applied.
00:59:24 [DEBUG   ] pokemon_stencil.stencil.layer_builder:75 – Layer 1: stencil safety applied.
00:59:24 [WARNING ] pokemon_stencil.vector.tracer:66 – pypotrace not available – using OpenCV contour fallback.
00:59:24 [DEBUG   ] pokemon_stencil.vector.path_builder:61 – Layer 0 traced: 1 path(s) found.
00:59:24 [WARNING ] pokemon_stencil.vector.tracer:66 – pypotrace not available – using OpenCV contour fallback.
00:59:24 [DEBUG   ] pokemon_stencil.vector.path_builder:61 – Layer 1 traced: 1 path(s) found.
00:59:24 [DEBUG   ] pokemon_stencil.stencil.svg_exporter:91 – Wrote layer SVG: /tmp/pytest-of-root/pytest-5/test_at_most_top_k_pipeline_re0/pikachu_01/svg/img000_layer00.svg
00:59:24 [DEBUG   ] pokemon_stencil.stencil.svg_exporter:91 – Wrote layer SVG: /tmp/pytest-of-root/pytest-5/test_at_most_top_k_pipeline_re0/pikachu_01/svg/img000_layer01.svg
00:59:24 [DEBUG   ] pokemon_stencil.stencil.svg_exporter:99 – Wrote combined SVG: /tmp/pytest-of-root/pytest-5/test_at_most_top_k_pipeline_re0/pikachu_01/svg/img000_combined.svg
00:59:24 [INFO    ] pokemon_stencil.factory.factory_runner:228 – FactoryRunner.run | pokemon=Pikachu | count=3 | top_k=2 | workers=1
00:59:24 [INFO    ] pokemon_stencil.image_proc.loader:75 – Found 3 reference image(s) in /tmp/pytest-of-root/pytest-5/test_ranked_length_matches_suc0/refs
00:59:24 [DEBUG   ] pokemon_stencil.image_proc.loader:138 – Loaded: /tmp/pytest-of-root/pytest-5/test_ranked_length_matches_suc0/refs/ref_00.png
00:59:24 [DEBUG   ] pokemon_stencil.image_proc.loader:138 – Loaded: /tmp/pytest-of-root/pytest-5/test_ranked_length_matches_suc0/refs/ref_01.png
00:59:24 [DEBUG   ] pokemon_stencil.image_proc.loader:138 – Loaded: /tmp/pytest-of-root/pytest-5/test_ranked_length_matches_suc0/refs/ref_02.png
00:59:24 [INFO    ] pokemon_stencil.image_proc.loader:102 – Loaded 3 valid reference image(s).
00:59:24 [DEBUG   ] pokemon_stencil.image_gen.style_transfer:60 – Style transfer complete.
00:59:24 [DEBUG   ] pokemon_stencil.image_proc.simplifier:64 – Simplification complete; output size: (32, 32)
00:59:24 [DEBUG   ] pokemon_stencil.factory.scoring:95 – Score: clarity=0.312 component=1.000 contrast=1.000 → 0.725
00:59:24 [DEBUG   ] pokemon_stencil.factory.factory_runner:306 – Candidate 0 scored 0.725.
00:59:24 [INFO    ] pokemon_stencil.image_proc.loader:75 – Found 3 reference image(s) in /tmp/pytest-of-root/pytest-5/test_ranked_length_matches_suc0/refs
00:59:24 [DEBUG   ] pokemon_stencil.image_proc.loader:138 – Loaded: /tmp/pytest-of-root/pytest-5/test_ranked_length_matches_suc0/refs/ref_00.png
00:59:24 [DEBUG   ] pokemon_stencil.image_proc.loader:138 – Loaded: /tmp/pytest-of-root/pytest-5/test_ranked_length_matches_suc0/refs/ref_01.png
00:59:24 [DEBUG   ] pokemon_stencil.image_proc.loader:138 – Loaded: /tmp/pytest-of-root/pytest-5/test_ranked_length_matches_suc0/refs/ref_02.png
00:59:24 [INFO    ] pokemon_stencil.image_proc.loader:102 – Loaded 3 valid reference image(s).
00:59:24 [DEBUG   ] pokemon_stencil.image_gen.style_transfer:60 – Style transfer complete.
00:59:24 [DEBUG   ] pokemon_stencil.image_proc.simplifier:64 – Simplification complete; output size: (32, 32)
00:59:24 [DEBUG   ] pokemon_stencil.factory.scoring:95 – Score: clarity=0.312 component=1.000 contrast=1.000 → 0.725
00:59:24 [DEBUG   ] pokemon_stencil.factory.factory_runner:306 – Candidate 1 scored 0.725.
00:59:24 [INFO    ] pokemon_stencil.image_proc.loader:75 – Found 3 reference image(s) in /tmp/pytest-of-root/pytest-5/test_ranked_length_matches_suc0/refs
00:59:24 [DEBUG   ] pokemon_stencil.image_proc.loader:138 – Loaded: /tmp/pytest-of-root/pytest-5/test_ranked_length_matches_suc0/refs/ref_00.png
00:59:24 [DEBUG   ] pokemon_stencil.image_proc.loader:138 – Loaded: /tmp/pytest-of-root/pytest-5/test_ranked_length_matches_suc0/refs/ref_01.png
00:59:24 [DEBUG   ] pokemon_stencil.image_proc.loader:138 – Loaded: /tmp/pytest-of-root/pytest-5/test_ranked_length_matches_suc0/refs/ref_02.png
00:59:24 [INFO    ] pokemon_stencil.image_proc.loader:102 – Loaded 3 valid reference image(s).
00:59:24 [DEBUG   ] pokemon_stencil.image_gen.style_transfer:60 – Style transfer complete.
00:59:24 [DEBUG   ] pokemon_stencil.image_proc.simplifier:64 – Simplification complete; output size: (32, 32)
00:59:24 [DEBUG   ] pokemon_stencil.factory.scoring:95 – Score: clarity=0.312 component=1.000 contrast=1.000 → 0.725
00:59:24 [DEBUG   ] pokemon_stencil.factory.factory_runner:306 – Candidate 2 scored 0.725.
00:59:24 [INFO    ] pokemon_stencil.factory.factory_runner:247 – Selected 2/3 valid candidates for stencil conversion.
00:59:24 [INFO    ] pokemon_stencil.factory.factory_runner:263 – Stencil pipeline | rank=0 | candidate=0 | score=0.725 | run=pikachu_00
00:59:24 [DEBUG   ] pokemon_stencil.image_proc.segmenter:116 – Layer 0 | colour=(255, 255, 255) | pixels=512 (50.0%)
00:59:24 [DEBUG   ] pokemon_stencil.image_proc.segmenter:116 – Layer 1 | colour=(0, 0, 0) | pixels=512 (50.0%)
00:59:24 [INFO    ] pokemon_stencil.image_proc.segmenter:128 – Segmentation produced 2 layer(s).
00:59:24 [INFO    ] pokemon_stencil.factory.factory_runner:436 – 2 colour layer(s) for pikachu_00.
00:59:24 [DEBUG   ] pokemon_stencil.stencil.layer_builder:75 – Layer 0: stencil safety applied.
00:59:24 [DEBUG   ] pokemon_stencil.stencil.layer_builder:75 – Layer 1: stencil safety applied.
00:59:24 [WARNING ] pokemon_stencil.vector.tracer:66 – pypotrace not available – using OpenCV contour fallback.
00:59:24 [DEBUG   ] pokemon_stencil.vector.path_builder:61 – Layer 0 traced: 1 path(s) found.
00:59:24 [WARNING ] pokemon_stencil.vector.tracer:66 – pypotrace not available – using OpenCV contour fallback.
00:59:24 [DEBUG   ] pokemon_stencil.vector.path_builder:61 – Layer 1 traced: 1 path(s) found.
00:59:24 [DEBUG   ] pokemon_stencil.stencil.svg_exporter:91 – Wrote layer SVG: /tmp/pytest-of-root/pytest-5/test_ranked_length_matches_suc0/pikachu_00/svg/img000_layer00.svg
00:59:24 [DEBUG   ] pokemon_stencil.stencil.svg_exporter:91 – Wrote layer SVG: /tmp/pytest-of-root/pytest-5/test_ranked_length_matches_suc0/pikachu_00/svg/img000_layer01.svg
00:59:24 [DEBUG   ] pokemon_stencil.stencil.svg_exporter:99 – Wrote combined SVG: /tmp/pytest-of-root/pytest-5/test_ranked_length_matches_suc0/pikachu_00/svg/img000_combined.svg
00:59:24 [INFO    ] pokemon_stencil.factory.factory_runner:263 – Stencil pipeline | rank=1 | candidate=1 | score=0.725 | run=pikachu_01
00:59:24 [DEBUG   ] pokemon_stencil.image_proc.segmenter:116 – Layer 0 | colour=(255, 255, 255) | pixels=512 (50.0%)
00:59:24 [DEBUG   ] pokemon_stencil.image_proc.segmenter:116 – Layer 1 | colour=(0, 0, 0) | pixels=512 (50.0%)
00:59:24 [INFO    ] pokemon_stencil.image_proc.segmenter:128 – Segmentation produced 2 layer(s).
00:59:24 [INFO    ] pokemon_stencil.factory.factory_runner:436 – 2 colour layer(s) for pikachu_01.
00:59:24 [DEBUG   ] pokemon_stencil.stencil.layer_builder:75 – Layer 0: stencil safety applied.
00:59:24 [DEBUG   ] pokemon_stencil.stencil.layer_builder:75 – Layer 1: stencil safety applied.
00:59:24 [WARNING ] pokemon_stencil.vector.tracer:66 – pypotrace not available – using OpenCV contour fallback.
00:59:24 [DEBUG   ] pokemon_stencil.vector.path_builder:61 – Layer 0 traced: 1 path(s) found.
00:59:24 [WARNING ] pokemon_stencil.vector.tracer:66 – pypotrace not available – using OpenCV contour fallback.
00:59:24 [DEBUG   ] pokemon_stencil.vector.path_builder:61 – Layer 1 traced: 1 path(s) found.
00:59:24 [DEBUG   ] pokemon_stencil.stencil.svg_exporter:91 – Wrote layer SVG: /tmp/pytest-of-root/pytest-5/test_ranked_length_matches_suc0/pikachu_01/svg/img000_layer00.svg
00:59:24 [DEBUG   ] pokemon_stencil.stencil.svg_exporter:91 – Wrote layer SVG: /tmp/pytest-of-root/pytest-5/test_ranked_length_matches_suc0/pikachu_01/svg/img000_layer01.svg
00:59:24 [DEBUG   ] pokemon_stencil.stencil.svg_exporter:99 – Wrote combined SVG: /tmp/pytest-of-root/pytest-5/test_ranked_length_matches_suc0/pikachu_01/svg/img000_combined.svg
00:59:24 [INFO    ] pokemon_stencil.factory.factory_runner:228 – FactoryRunner.run | pokemon=Pikachu | count=3 | top_k=3 | workers=1
00:59:24 [INFO    ] pokemon_stencil.image_proc.loader:75 – Found 3 reference image(s) in /tmp/pytest-of-root/pytest-5/test_ranked_sorted_descending0/refs
00:59:24 [DEBUG   ] pokemon_stencil.image_proc.loader:138 – Loaded: /tmp/pytest-of-root/pytest-5/test_ranked_sorted_descending0/refs/ref_00.png
00:59:24 [DEBUG   ] pokemon_stencil.image_proc.loader:138 – Loaded: /tmp/pytest-of-root/pytest-5/test_ranked_sorted_descending0/refs/ref_01.png
00:59:24 [DEBUG   ] pokemon_stencil.image_proc.loader:138 – Loaded: /tmp/pytest-of-root/pytest-5/test_ranked_sorted_descending0/refs/ref_02.png
00:59:24 [INFO    ] pokemon_stencil.image_proc.loader:102 – Loaded 3 valid reference image(s).
00:59:24 [DEBUG   ] pokemon_stencil.image_gen.style_transfer:60 – Style transfer complete.
00:59:24 [DEBUG   ] pokemon_stencil.image_proc.simplifier:64 – Simplification complete; output size: (32, 32)
00:59:24 [DEBUG   ] pokemon_stencil.factory.scoring:95 – Score: clarity=0.312 component=1.000 contrast=1.000 → 0.725
00:59:24 [DEBUG   ] pokemon_stencil.factory.factory_runner:306 – Candidate 0 scored 0.725.
00:59:24 [INFO    ] pokemon_stencil.image_proc.loader:75 – Found 3 reference image(s) in /tmp/pytest-of-root/pytest-5/test_ranked_sorted_descending0/refs
00:59:24 [DEBUG   ] pokemon_stencil.image_proc.loader:138 – Loaded: /tmp/pytest-of-root/pytest-5/test_ranked_sorted_descending0/refs/ref_00.png
00:59:24 [DEBUG   ] pokemon_stencil.image_proc.loader:138 – Loaded: /tmp/pytest-of-root/pytest-5/test_ranked_sorted_descending0/refs/ref_01.png
00:59:24 [DEBUG   ] pokemon_stencil.image_proc.loader:138 – Loaded: /tmp/pytest-of-root/pytest-5/test_ranked_sorted_descending0/refs/ref_02.png
00:59:24 [INFO    ] pokemon_stencil.image_proc.loader:102 – Loaded 3 valid reference image(s).
00:59:24 [DEBUG   ] pokemon_stencil.image_gen.style_transfer:60 – Style transfer complete.
00:59:24 [DEBUG   ] pokemon_stencil.image_proc.simplifier:64 – Simplification complete; output size: (32, 32)
00:59:24 [DEBUG   ] pokemon_stencil.factory.scoring:95 – Score: clarity=0.312 component=1.000 contrast=1.000 → 0.725
00:59:24 [DEBUG   ] pokemon_stencil.factory.factory_runner:306 – Candidate 1 scored 0.725.
00:59:24 [INFO    ] pokemon_stencil.image_proc.loader:75 – Found 3 reference image(s) in /tmp/pytest-of-root/pytest-5/test_ranked_sorted_descending0/refs
00:59:24 [DEBUG   ] pokemon_stencil.image_proc.loader:138 – Loaded: /tmp/pytest-of-root/pytest-5/test_ranked_sorted_descending0/refs/ref_00.png
00:59:24 [DEBUG   ] pokemon_stencil.image_proc.loader:138 – Loaded: /tmp/pytest-of-root/pytest-5/test_ranked_sorted_descending0/refs/ref_01.png
00:59:24 [DEBUG   ] pokemon_stencil.image_proc.loader:138 – Loaded: /tmp/pytest-of-root/pytest-5/test_ranked_sorted_descending0/refs/ref_02.png
00:59:24 [INFO    ] pokemon_stencil.image_proc.loader:102 – Loaded 3 valid reference image(s).
00:59:24 [DEBUG   ] pokemon_stencil.image_gen.style_transfer:60 – Style transfer complete.
00:59:24 [DEBUG   ] pokemon_stencil.image_proc.simplifier:64 – Simplification complete; output size: (32, 32)
00:59:24 [DEBUG   ] pokemon_stencil.factory.scoring:95 – Score: clarity=0.312 component=1.000 contrast=1.000 → 0.725
00:59:24 [DEBUG   ] pokemon_stencil.factory.factory_runner:306 – Candidate 2 scored 0.725.
00:59:24 [INFO    ] pokemon_stencil.factory.factory_runner:247 – Selected 3/3 valid candidates for stencil conversion.
00:59:24 [INFO    ] pokemon_stencil.factory.factory_runner:263 – Stencil pipeline | rank=0 | candidate=0 | score=0.725 | run=pikachu_00
00:59:24 [DEBUG   ] pokemon_stencil.image_proc.segmenter:116 – Layer 0 | colour=(255, 255, 255) | pixels=512 (50.0%)
00:59:24 [DEBUG   ] pokemon_stencil.image_proc.segmenter:116 – Layer 1 | colour=(0, 0, 0) | pixels=512 (50.0%)
00:59:24 [INFO    ] pokemon_stencil.image_proc.segmenter:128 – Segmentation produced 2 layer(s).
00:59:24 [INFO    ] pokemon_stencil.factory.factory_runner:436 – 2 colour layer(s) for pikachu_00.
00:59:24 [DEBUG   ] pokemon_stencil.stencil.layer_builder:75 – Layer 0: stencil safety applied.
00:59:24 [DEBUG   ] pokemon_stencil.stencil.layer_builder:75 – Layer 1: stencil safety applied.
00:59:24 [WARNING ] pokemon_stencil.vector.tracer:66 – pypotrace not available – using OpenCV contour fallback.
00:59:24 [DEBUG   ] pokemon_stencil.vector.path_builder:61 – Layer 0 traced: 1 path(s) found.
00:59:24 [WARNING ] pokemon_stencil.vector.tracer:66 – pypotrace not available – using OpenCV contour fallback.
00:59:24 [DEBUG   ] pokemon_stencil.vector.path_builder:61 – Layer 1 traced: 1 path(s) found.
00:59:24 [DEBUG   ] pokemon_stencil.stencil.svg_exporter:91 – Wrote layer SVG: /tmp/pytest-of-root/pytest-5/test_ranked_sorted_descending0/pikachu_00/svg/img000_layer00.svg
00:59:24 [DEBUG   ] pokemon_stencil.stencil.svg_exporter:91 – Wrote layer SVG: /tmp/pytest-of-root/pytest-5/test_ranked_sorted_descending0/pikachu_00/svg/img000_layer01.svg
00:59:24 [DEBUG   ] pokemon_stencil.stencil.svg_exporter:99 – Wrote combined SVG: /tmp/pytest-of-root/pytest-5/test_ranked_sorted_descending0/pikachu_00/svg/img000_combined.svg
00:59:24 [INFO    ] pokemon_stencil.factory.factory_runner:263 – Stencil pipeline | rank=1 | candidate=1 | score=0.725 | run=pikachu_01
00:59:24 [DEBUG   ] pokemon_stencil.image_proc.segmenter:116 – Layer 0 | colour=(255, 255, 255) | pixels=512 (50.0%)
00:59:24 [DEBUG   ] pokemon_stencil.image_proc.segmenter:116 – Layer 1 | colour=(0, 0, 0) | pixels=512 (50.0%)
00:59:24 [INFO    ] pokemon_stencil.image_proc.segmenter:128 – Segmentation produced 2 layer(s).
00:59:24 [INFO    ] pokemon_stencil.factory.factory_runner:436 – 2 colour layer(s) for pikachu_01.
00:59:24 [DEBUG   ] pokemon_stencil.stencil.layer_builder:75 – Layer 0: stencil safety applied.
00:59:24 [DEBUG   ] pokemon_stencil.stencil.layer_builder:75 – Layer 1: stencil safety applied.
00:59:24 [WARNING ] pokemon_stencil.vector.tracer:66 – pypotrace not available – using OpenCV contour fallback.
00:59:24 [DEBUG   ] pokemon_stencil.vector.path_builder:61 – Layer 0 traced: 1 path(s) found.
00:59:24 [WARNING ] pokemon_stencil.vector.tracer:66 – pypotrace not available – using OpenCV contour fallback.
00:59:24 [DEBUG   ] pokemon_stencil.vector.path_builder:61 – Layer 1 traced: 1 path(s) found.
00:59:24 [DEBUG   ] pokemon_stencil.stencil.svg_exporter:91 – Wrote layer SVG: /tmp/pytest-of-root/pytest-5/test_ranked_sorted_descending0/pikachu_01/svg/img000_layer00.svg
00:59:24 [DEBUG   ] pokemon_stencil.stencil.svg_exporter:91 – Wrote layer SVG: /tmp/pytest-of-root/pytest-5/test_ranked_sorted_descending0/pikachu_01/svg/img000_layer01.svg
00:59:24 [DEBUG   ] pokemon_stencil.stencil.svg_exporter:99 – Wrote combined SVG: /tmp/pytest-of-root/pytest-5/test_ranked_sorted_descending0/pikachu_01/svg/img000_combined.svg
00:59:24 [INFO    ] pokemon_stencil.factory.factory_runner:263 – Stencil pipeline | rank=2 | candidate=2 | score=0.725 | run=pikachu_02
00:59:24 [DEBUG   ] pokemon_stencil.image_proc.segmenter:116 – Layer 0 | colour=(255, 255, 255) | pixels=512 (50.0%)
00:59:24 [DEBUG   ] pokemon_stencil.image_proc.segmenter:116 – Layer 1 | colour=(0, 0, 0) | pixels=512 (50.0%)
00:59:24 [INFO    ] pokemon_stencil.image_proc.segmenter:128 – Segmentation produced 2 layer(s).
00:59:24 [INFO    ] pokemon_stencil.factory.factory_runner:436 – 2 colour layer(s) for pikachu_02.
00:59:24 [DEBUG   ] pokemon_stencil.stencil.layer_builder:75 – Layer 0: stencil safety applied.
00:59:24 [DEBUG   ] pokemon_stencil.stencil.layer_builder:75 – Layer 1: stencil safety applied.
00:59:24 [WARNING ] pokemon_stencil.vector.tracer:66 – pypotrace not available – using OpenCV contour fallback.
00:59:24 [DEBUG   ] pokemon_stencil.vector.path_builder:61 – Layer 0 traced: 1 path(s) found.
00:59:24 [WARNING ] pokemon_stencil.vector.tracer:66 – pypotrace not available – using OpenCV contour fallback.
00:59:24 [DEBUG   ] pokemon_stencil.vector.path_builder:61 – Layer 1 traced: 1 path(s) found.
00:59:24 [DEBUG   ] pokemon_stencil.stencil.svg_exporter:91 – Wrote layer SVG: /tmp/pytest-of-root/pytest-5/test_ranked_sorted_descending0/pikachu_02/svg/img000_layer00.svg
00:59:24 [DEBUG   ] pokemon_stencil.stencil.svg_exporter:91 – Wrote layer SVG: /tmp/pytest-of-root/pytest-5/test_ranked_sorted_descending0/pikachu_02/svg/img000_layer01.svg
00:59:24 [DEBUG   ] pokemon_stencil.stencil.svg_exporter:99 – Wrote combined SVG: /tmp/pytest-of-root/pytest-5/test_ranked_sorted_descending0/pikachu_02/svg/img000_combined.svg
00:59:24 [INFO    ] pokemon_stencil.factory.factory_runner:228 – FactoryRunner.run | pokemon=Pikachu | count=2 | top_k=1 | workers=1
00:59:24 [INFO    ] pokemon_stencil.image_proc.loader:75 – Found 3 reference image(s) in /tmp/pytest-of-root/pytest-5/test_run_names_contain_pokemon0/refs
00:59:24 [DEBUG   ] pokemon_stencil.image_proc.loader:138 – Loaded: /tmp/pytest-of-root/pytest-5/test_run_names_contain_pokemon0/refs/ref_00.png
00:59:24 [DEBUG   ] pokemon_stencil.image_proc.loader:138 – Loaded: /tmp/pytest-of-root/pytest-5/test_run_names_contain_pokemon0/refs/ref_01.png
00:59:24 [DEBUG   ] pokemon_stencil.image_proc.loader:138 – Loaded: /tmp/pytest-of-root/pytest-5/test_run_names_contain_pokemon0/refs/ref_02.png
00:59:24 [INFO    ] pokemon_stencil.image_proc.loader:102 – Loaded 3 valid reference image(s).
00:59:24 [DEBUG   ] pokemon_stencil.image_gen.style_transfer:60 – Style transfer complete.
00:59:24 [DEBUG   ] pokemon_stencil.image_proc.simplifier:64 – Simplification complete; output size: (32, 32)
00:59:24 [DEBUG   ] pokemon_stencil.factory.scoring:95 – Score: clarity=0.312 component=1.000 contrast=1.000 → 0.725
00:59:24 [DEBUG   ] pokemon_stencil.factory.factory_runner:306 – Candidate 0 scored 0.725.
00:59:24 [INFO    ] pokemon_stencil.image_proc.loader:75 – Found 3 reference image(s) in /tmp/pytest-of-root/pytest-5/test_run_names_contain_pokemon0/refs
00:59:24 [DEBUG   ] pokemon_stencil.image_proc.loader:138 – Loaded: /tmp/pytest-of-root/pytest-5/test_run_names_contain_pokemon0/refs/ref_00.png
00:59:24 [DEBUG   ] pokemon_stencil.image_proc.loader:138 – Loaded: /tmp/pytest-of-root/pytest-5/test_run_names_contain_pokemon0/refs/ref_01.png
00:59:24 [DEBUG   ] pokemon_stencil.image_proc.loader:138 – Loaded: /tmp/pytest-of-root/pytest-5/test_run_names_contain_pokemon0/refs/ref_02.png
00:59:24 [INFO    ] pokemon_stencil.image_proc.loader:102 – Loaded 3 valid reference image(s).
00:59:24 [DEBUG   ] pokemon_stencil.image_gen.style_transfer:60 – Style transfer complete.
00:59:24 [DEBUG   ] pokemon_stencil.image_proc.simplifier:64 – Simplification complete; output size: (32, 32)
00:59:24 [DEBUG   ] pokemon_stencil.factory.scoring:95 – Score: clarity=0.312 component=1.000 contrast=1.000 → 0.725
00:59:24 [DEBUG   ] pokemon_stencil.factory.factory_runner:306 – Candidate 1 scored 0.725.
00:59:24 [INFO    ] pokemon_stencil.factory.factory_runner:247 – Selected 1/2 valid candidates for stencil conversion.
00:59:24 [INFO    ] pokemon_stencil.factory.factory_runner:263 – Stencil pipeline | rank=0 | candidate=0 | score=0.725 | run=pikachu_00
00:59:24 [DEBUG   ] pokemon_stencil.image_proc.segmenter:116 – Layer 0 | colour=(255, 255, 255) | pixels=512 (50.0%)
00:59:24 [DEBUG   ] pokemon_stencil.image_proc.segmenter:116 – Layer 1 | colour=(0, 0, 0) | pixels=512 (50.0%)
00:59:24 [INFO    ] pokemon_stencil.image_proc.segmenter:128 – Segmentation produced 2 layer(s).
00:59:24 [INFO    ] pokemon_stencil.factory.factory_runner:436 – 2 colour layer(s) for pikachu_00.
00:59:24 [DEBUG   ] pokemon_stencil.stencil.layer_builder:75 – Layer 0: stencil safety applied.
00:59:24 [DEBUG   ] pokemon_stencil.stencil.layer_builder:75 – Layer 1: stencil safety applied.
00:59:24 [WARNING ] pokemon_stencil.vector.tracer:66 – pypotrace not available – using OpenCV contour fallback.
00:59:24 [DEBUG   ] pokemon_stencil.vector.path_builder:61 – Layer 0 traced: 1 path(s) found.
00:59:24 [WARNING ] pokemon_stencil.vector.tracer:66 – pypotrace not available – using OpenCV contour fallback.
00:59:24 [DEBUG   ] pokemon_stencil.vector.path_builder:61 – Layer 1 traced: 1 path(s) found.
00:59:24 [DEBUG   ] pokemon_stencil.stencil.svg_exporter:91 – Wrote layer SVG: /tmp/pytest-of-root/pytest-5/test_run_names_contain_pokemon0/pikachu_00/svg/img000_layer00.svg
00:59:24 [DEBUG   ] pokemon_stencil.stencil.svg_exporter:91 – Wrote layer SVG: /tmp/pytest-of-root/pytest-5/test_run_names_contain_pokemon0/pikachu_00/svg/img000_layer01.svg
00:59:24 [DEBUG   ] pokemon_stencil.stencil.svg_exporter:99 – Wrote combined SVG: /tmp/pytest-of-root/pytest-5/test_run_names_contain_pokemon0/pikachu_00/svg/img000_combined.svg
00:59:24 [INFO    ] pokemon_stencil.factory.factory_runner:228 – FactoryRunner.run | pokemon=Pikachu | count=2 | top_k=1 | workers=1
00:59:24 [INFO    ] pokemon_stencil.image_proc.loader:75 – Found 3 reference image(s) in /tmp/pytest-of-root/pytest-5/test_output_dirs_created0/refs
00:59:24 [DEBUG   ] pokemon_stencil.image_proc.loader:138 – Loaded: /tmp/pytest-of-root/pytest-5/test_output_dirs_created0/refs/ref_00.png
00:59:24 [DEBUG   ] pokemon_stencil.image_proc.loader:138 – Loaded: /tmp/pytest-of-root/pytest-5/test_output_dirs_created0/refs/ref_01.png
00:59:24 [DEBUG   ] pokemon_stencil.image_proc.loader:138 – Loaded: /tmp/pytest-of-root/pytest-5/test_output_dirs_created0/refs/ref_02.png
00:59:24 [INFO    ] pokemon_stencil.image_proc.loader:102 – Loaded 3 valid reference image(s).
00:59:24 [DEBUG   ] pokemon_stencil.image_gen.style_transfer:60 – Style transfer complete.
00:59:24 [DEBUG   ] pokemon_stencil.image_proc.simplifier:64 – Simplification complete; output size: (32, 32)
00:59:24 [DEBUG   ] pokemon_stencil.factory.scoring:95 – Score: clarity=0.312 component=1.000 contrast=1.000 → 0.725
00:59:24 [DEBUG   ] pokemon_stencil.factory.factory_runner:306 – Candidate 0 scored 0.725.
00:59:24 [INFO    ] pokemon_stencil.image_proc.loader:75 – Found 3 reference image(s) in /tmp/pytest-of-root/pytest-5/test_output_dirs_created0/refs
00:59:24 [DEBUG   ] pokemon_stencil.image_proc.loader:138 – Loaded: /tmp/pytest-of-root/pytest-5/test_output_dirs_created0/refs/ref_00.png
00:59:24 [DEBUG   ] pokemon_stencil.image_proc.loader:138 – Loaded: /tmp/pytest-of-root/pytest-5/test_output_dirs_created0/refs/ref_01.png
00:59:24 [DEBUG   ] pokemon_stencil.image_proc.loader:138 – Loaded: /tmp/pytest-of-root/pytest-5/test_output_dirs_created0/refs/ref_02.png
00:59:24 [INFO    ] pokemon_stencil.image_proc.loader:102 – Loaded 3 valid reference image(s).
00:59:24 [DEBUG   ] pokemon_stencil.image_gen.style_transfer:60 – Style transfer complete.
00:59:24 [DEBUG   ] pokemon_stencil.image_proc.simplifier:64 – Simplification complete; output size: (32, 32)
00:59:24 [DEBUG   ] pokemon_stencil.factory.scoring:95 – Score: clarity=0.312 component=1.000 contrast=1.000 → 0.725
00:59:24 [DEBUG   ] pokemon_stencil.factory.factory_runner:306 – Candidate 1 scored 0.725.
00:59:24 [INFO    ] pokemon_stencil.factory.factory_runner:247 – Selected 1/2 valid candidates for stencil conversion.
00:59:24 [INFO    ] pokemon_stencil.factory.factory_runner:263 – Stencil pipeline | rank=0 | candidate=0 | score=0.725 | run=pikachu_00
00:59:24 [DEBUG   ] pokemon_stencil.image_proc.segmenter:116 – Layer 0 | colour=(255, 255, 255) | pixels=512 (50.0%)
00:59:24 [DEBUG   ] pokemon_stencil.image_proc.segmenter:116 – Layer 1 | colour=(0, 0, 0) | pixels=512 (50.0%)
00:59:24 [INFO    ] pokemon_stencil.image_proc.segmenter:128 – Segmentation produced 2 layer(s).
00:59:24 [INFO    ] pokemon_stencil.factory.factory_runner:436 – 2 colour layer(s) for pikachu_00.
00:59:24 [DEBUG   ] pokemon_stencil.stencil.layer_builder:75 – Layer 0: stencil safety applied.
00:59:24 [DEBUG   ] pokemon_stencil.stencil.layer_builder:75 – Layer 1: stencil safety applied.
00:59:24 [WARNING ] pokemon_stencil.vector.tracer:66 – pypotrace not available – using OpenCV contour fallback.
00:59:24 [DEBUG   ] pokemon_stencil.vector.path_builder:61 – Layer 0 traced: 1 path(s) found.
00:59:24 [WARNING ] pokemon_stencil.vector.tracer:66 – pypotrace not available – using OpenCV contour fallback.
00:59:24 [DEBUG   ] pokemon_stencil.vector.path_builder:61 – Layer 1 traced: 1 path(s) found.
00:59:24 [DEBUG   ] pokemon_stencil.stencil.svg_exporter:91 – Wrote layer SVG: /tmp/pytest-of-root/pytest-5/test_output_dirs_created0/pikachu_00/svg/img000_layer00.svg
00:59:24 [DEBUG   ] pokemon_stencil.stencil.svg_exporter:91 – Wrote layer SVG: /tmp/pytest-of-root/pytest-5/test_output_dirs_created0/pikachu_00/svg/img000_layer01.svg
00:59:24 [DEBUG   ] pokemon_stencil.stencil.svg_exporter:99 – Wrote combined SVG: /tmp/pytest-of-root/pytest-5/test_output_dirs_created0/pikachu_00/svg/img000_combined.svg
00:59:24 [INFO    ] pokemon_stencil.factory.factory_runner:228 – FactoryRunner.run | pokemon=Pikachu | count=2 | top_k=1 | workers=1
00:59:24 [INFO    ] pokemon_stencil.image_proc.loader:75 – Found 3 reference image(s) in /tmp/pytest-of-root/pytest-5/test_svg_files_written0/refs
00:59:24 [DEBUG   ] pokemon_stencil.image_proc.loader:138 – Loaded: /tmp/pytest-of-root/pytest-5/test_svg_files_written0/refs/ref_00.png
00:59:24 [DEBUG   ] pokemon_stencil.image_proc.loader:138 – Loaded: /tmp/pytest-of-root/pytest-5/test_svg_files_written0/refs/ref_01.png
00:59:24 [DEBUG   ] pokemon_stencil.image_proc.loader:138 – Loaded: /tmp/pytest-of-root/pytest-5/test_svg_files_written0/refs/ref_02.png
00:59:24 [INFO    ] pokemon_stencil.image_proc.loader:102 – Loaded 3 valid reference image(s).
00:59:24 [DEBUG   ] pokemon_stencil.image_gen.style_transfer:60 – Style transfer complete.
00:59:24 [DEBUG   ] pokemon_stencil.image_proc.simplifier:64 – Simplification complete; output size: (32, 32)
00:59:24 [DEBUG   ] pokemon_stencil.factory.scoring:95 – Score: clarity=0.312 component=1.000 contrast=1.000 → 0.725
00:59:24 [DEBUG   ] pokemon_stencil.factory.factory_runner:306 – Candidate 0 scored 0.725.
00:59:24 [INFO    ] pokemon_stencil.image_proc.loader:75 – Found 3 reference image(s) in /tmp/pytest-of-root/pytest-5/test_svg_files_written0/refs
00:59:24 [DEBUG   ] pokemon_stencil.image_proc.loader:138 – Loaded: /tmp/pytest-of-root/pytest-5/test_svg_files_written0/refs/ref_00.png
00:59:24 [DEBUG   ] pokemon_stencil.image_proc.loader:138 – Loaded: /tmp/pytest-of-root/pytest-5/test_svg_files_written0/refs/ref_01.png
00:59:24 [DEBUG   ] pokemon_stencil.image_proc.loader:138 – Loaded: /tmp/pytest-of-root/pytest-5/test_svg_files_written0/refs/ref_02.png
00:59:24 [INFO    ] pokemon_stencil.image_proc.loader:102 – Loaded 3 valid reference image(s).
00:59:24 [DEBUG   ] pokemon_stencil.image_gen.style_transfer:60 – Style transfer complete.
00:59:24 [DEBUG   ] pokemon_stencil.image_proc.simplifier:64 – Simplification complete; output size: (32, 32)
00:59:24 [DEBUG   ] pokemon_stencil.factory.scoring:95 – Score: clarity=0.312 component=1.000 contrast=1.000 → 0.725
00:59:24 [DEBUG   ] pokemon_stencil.factory.factory_runner:306 – Candidate 1 scored 0.725.
00:59:24 [INFO    ] pokemon_stencil.factory.factory_runner:247 – Selected 1/2 valid candidates for stencil conversion.
00:59:24 [INFO    ] pokemon_stencil.factory.factory_runner:263 – Stencil pipeline | rank=0 | candidate=0 | score=0.725 | run=pikachu_00
00:59:24 [DEBUG   ] pokemon_stencil.image_proc.segmenter:116 – Layer 0 | colour=(255, 255, 255) | pixels=512 (50.0%)
00:59:24 [DEBUG   ] pokemon_stencil.image_proc.segmenter:116 – Layer 1 | colour=(0, 0, 0) | pixels=512 (50.0%)
00:59:24 [INFO    ] pokemon_stencil.image_proc.segmenter:128 – Segmentation produced 2 layer(s).
00:59:24 [INFO    ] pokemon_stencil.factory.factory_runner:436 – 2 colour layer(s) for pikachu_00.
00:59:24 [DEBUG   ] pokemon_stencil.stencil.layer_builder:75 – Layer 0: stencil safety applied.
00:59:24 [DEBUG   ] pokemon_stencil.stencil.layer_builder:75 – Layer 1: stencil safety applied.
00:59:24 [WARNING ] pokemon_stencil.vector.tracer:66 – pypotrace not available – using OpenCV contour fallback.
00:59:24 [DEBUG   ] pokemon_stencil.vector.path_builder:61 – Layer 0 traced: 1 path(s) found.
00:59:24 [WARNING ] pokemon_stencil.vector.tracer:66 – pypotrace not available – using OpenCV contour fallback.
00:59:24 [DEBUG   ] pokemon_stencil.vector.path_builder:61 – Layer 1 traced: 1 path(s) found.
00:59:24 [DEBUG   ] pokemon_stencil.stencil.svg_exporter:91 – Wrote layer SVG: /tmp/pytest-of-root/pytest-5/test_svg_files_written0/pikachu_00/svg/img000_layer00.svg
00:59:24 [DEBUG   ] pokemon_stencil.stencil.svg_exporter:91 – Wrote layer SVG: /tmp/pytest-of-root/pytest-5/test_svg_files_written0/pikachu_00/svg/img000_layer01.svg
00:59:24 [DEBUG   ] pokemon_stencil.stencil.svg_exporter:99 – Wrote combined SVG: /tmp/pytest-of-root/pytest-5/test_svg_files_written0/pikachu_00/svg/img000_combined.svg
00:59:24 [INFO    ] pokemon_stencil.factory.factory_runner:228 – FactoryRunner.run | pokemon=Pikachu | count=2 | top_k=2 | workers=1
00:59:24 [INFO    ] pokemon_stencil.image_proc.loader:75 – Found 3 reference image(s) in /tmp/pytest-of-root/pytest-5/test_top_k_capped_at_count0/refs
00:59:24 [DEBUG   ] pokemon_stencil.image_proc.loader:138 – Loaded: /tmp/pytest-of-root/pytest-5/test_top_k_capped_at_count0/refs/ref_00.png
00:59:24 [DEBUG   ] pokemon_stencil.image_proc.loader:138 – Loaded: /tmp/pytest-of-root/pytest-5/test_top_k_capped_at_count0/refs/ref_01.png
00:59:24 [DEBUG   ] pokemon_stencil.image_proc.loader:138 – Loaded: /tmp/pytest-of-root/pytest-5/test_top_k_capped_at_count0/refs/ref_02.png
00:59:24 [INFO    ] pokemon_stencil.image_proc.loader:102 – Loaded 3 valid reference image(s).
00:59:24 [DEBUG   ] pokemon_stencil.image_gen.style_transfer:60 – Style transfer complete.
00:59:24 [DEBUG   ] pokemon_stencil.image_proc.simplifier:64 – Simplification complete; output size: (32, 32)
00:59:24 [DEBUG   ] pokemon_stencil.factory.scoring:95 – Score: clarity=0.312 component=1.000 contrast=1.000 → 0.725
00:59:24 [DEBUG   ] pokemon_stencil.factory.factory_runner:306 – Candidate 0 scored 0.725.
00:59:24 [INFO    ] pokemon_stencil.image_proc.loader:75 – Found 3 reference image(s) in /tmp/pytest-of-root/pytest-5/test_top_k_capped_at_count0/refs
00:59:24 [DEBUG   ] pokemon_stencil.image_proc.loader:138 – Loaded: /tmp/pytest-of-root/pytest-5/test_top_k_capped_at_count0/refs/ref_00.png
00:59:24 [DEBUG   ] pokemon_stencil.image_proc.loader:138 – Loaded: /tmp/pytest-of-root/pytest-5/test_top_k_capped_at_count0/refs/ref_01.png
00:59:24 [DEBUG   ] pokemon_stencil.image_proc.loader:138 – Loaded: /tmp/pytest-of-root/pytest-5/test_top_k_capped_at_count0/refs/ref_02.png
00:59:24 [INFO    ] pokemon_stencil.image_proc.loader:102 – Loaded 3 valid reference image(s).
00:59:24 [DEBUG   ] pokemon_stencil.image_gen.style_transfer:60 – Style transfer complete.
00:59:24 [DEBUG   ] pokemon_stencil.image_proc.simplifier:64 – Simplification complete; output size: (32, 32)
00:59:24 [DEBUG   ] pokemon_stencil.factory.scoring:95 – Score: clarity=0.312 component=1.000 contrast=1.000 → 0.725
00:59:24 [DEBUG   ] pokemon_stencil.factory.factory_runner:306 – Candidate 1 scored 0.725.
00:59:24 [INFO    ] pokemon_stencil.factory.factory_runner:247 – Selected 2/2 valid candidates for stencil conversion.
00:59:24 [INFO    ] pokemon_stencil.factory.factory_runner:263 – Stencil pipeline | rank=0 | candidate=0 | score=0.725 | run=pikachu_00
00:59:24 [DEBUG   ] pokemon_stencil.image_proc.segmenter:116 – Layer 0 | colour=(255, 255, 255) | pixels=512 (50.0%)
00:59:24 [DEBUG   ] pokemon_stencil.image_proc.segmenter:116 – Layer 1 | colour=(0, 0, 0) | pixels=512 (50.0%)
00:59:24 [INFO    ] pokemon_stencil.image_proc.segmenter:128 – Segmentation produced 2 layer(s).
00:59:24 [INFO    ] pokemon_stencil.factory.factory_runner:436 – 2 colour layer(s) for pikachu_00.
00:59:24 [DEBUG   ] pokemon_stencil.stencil.layer_builder:75 – Layer 0: stencil safety applied.
00:59:24 [DEBUG   ] pokemon_stencil.stencil.layer_builder:75 – Layer 1: stencil safety applied.
00:59:24 [WARNING ] pokemon_stencil.vector.tracer:66 – pypotrace not available – using OpenCV contour fallback.
00:59:24 [DEBUG   ] pokemon_stencil.vector.path_builder:61 – Layer 0 traced: 1 path(s) found.
00:59:24 [WARNING ] pokemon_stencil.vector.tracer:66 – pypotrace not available – using OpenCV contour fallback.
00:59:24 [DEBUG   ] pokemon_stencil.vector.path_builder:61 – Layer 1 traced: 1 path(s) found.
00:59:24 [DEBUG   ] pokemon_stencil.stencil.svg_exporter:91 – Wrote layer SVG: /tmp/pytest-of-root/pytest-5/test_top_k_capped_at_count0/pikachu_00/svg/img000_layer00.svg
00:59:24 [DEBUG   ] pokemon_stencil.stencil.svg_exporter:91 – Wrote layer SVG: /tmp/pytest-of-root/pytest-5/test_top_k_capped_at_count0/pikachu_00/svg/img000_layer01.svg
00:59:24 [DEBUG   ] pokemon_stencil.stencil.svg_exporter:99 – Wrote combined SVG: /tmp/pytest-of-root/pytest-5/test_top_k_capped_at_count0/pikachu_00/svg/img000_combined.svg
00:59:24 [INFO    ] pokemon_stencil.factory.factory_runner:263 – Stencil pipeline | rank=1 | candidate=1 | score=0.725 | run=pikachu_01
00:59:24 [DEBUG   ] pokemon_stencil.image_proc.segmenter:116 – Layer 0 | colour=(255, 255, 255) | pixels=512 (50.0%)
00:59:24 [DEBUG   ] pokemon_stencil.image_proc.segmenter:116 – Layer 1 | colour=(0, 0, 0) | pixels=512 (50.0%)
00:59:24 [INFO    ] pokemon_stencil.image_proc.segmenter:128 – Segmentation produced 2 layer(s).
00:59:24 [INFO    ] pokemon_stencil.factory.factory_runner:436 – 2 colour layer(s) for pikachu_01.
00:59:24 [DEBUG   ] pokemon_stencil.stencil.layer_builder:75 – Layer 0: stencil safety applied.
00:59:24 [DEBUG   ] pokemon_stencil.stencil.layer_builder:75 – Layer 1: stencil safety applied.
00:59:24 [WARNING ] pokemon_stencil.vector.tracer:66 – pypotrace not available – using OpenCV contour fallback.
00:59:24 [DEBUG   ] pokemon_stencil.vector.path_builder:61 – Layer 0 traced: 1 path(s) found.
00:59:24 [WARNING ] pokemon_stencil.vector.tracer:66 – pypotrace not available – using OpenCV contour fallback.
00:59:24 [DEBUG   ] pokemon_stencil.vector.path_builder:61 – Layer 1 traced: 1 path(s) found.
00:59:24 [DEBUG   ] pokemon_stencil.stencil.svg_exporter:91 – Wrote layer SVG: /tmp/pytest-of-root/pytest-5/test_top_k_capped_at_count0/pikachu_01/svg/img000_layer00.svg
00:59:24 [DEBUG   ] pokemon_stencil.stencil.svg_exporter:91 – Wrote layer SVG: /tmp/pytest-of-root/pytest-5/test_top_k_capped_at_count0/pikachu_01/svg/img000_layer01.svg
00:59:24 [DEBUG   ] pokemon_stencil.stencil.svg_exporter:99 – Wrote combined SVG: /tmp/pytest-of-root/pytest-5/test_top_k_capped_at_count0/pikachu_01/svg/img000_combined.svg
00:59:24 [INFO    ] pokemon_stencil.factory.factory_runner:228 – FactoryRunner.run | pokemon=Test | count=3 | top_k=1 | workers=1
00:59:24 [INFO    ] pokemon_stencil.factory.factory_runner:247 – Selected 1/3 valid candidates for stencil conversion.
00:59:24 [INFO    ] pokemon_stencil.factory.factory_runner:263 – Stencil pipeline | rank=0 | candidate=2 | score=0.200 | run=test_00
00:59:24 [DEBUG   ] pokemon_stencil.image_proc.segmenter:116 – Layer 0 | colour=(200, 200, 200) | pixels=512 (50.0%)
00:59:24 [DEBUG   ] pokemon_stencil.image_proc.segmenter:116 – Layer 1 | colour=(0, 0, 0) | pixels=512 (50.0%)
00:59:24 [INFO    ] pokemon_stencil.image_proc.segmenter:128 – Segmentation produced 2 layer(s).
00:59:24 [INFO    ] pokemon_stencil.factory.factory_runner:436 – 2 colour layer(s) for test_00.
00:59:24 [DEBUG   ] pokemon_stencil.stencil.layer_builder:75 – Layer 0: stencil safety applied.
00:59:24 [DEBUG   ] pokemon_stencil.stencil.layer_builder:75 – Layer 1: stencil safety applied.
00:59:24 [WARNING ] pokemon_stencil.vector.tracer:66 – pypotrace not available – using OpenCV contour fallback.
00:59:24 [DEBUG   ] pokemon_stencil.vector.path_builder:61 – Layer 0 traced: 1 path(s) found.
00:59:24 [WARNING ] pokemon_stencil.vector.tracer:66 – pypotrace not available – using OpenCV contour fallback.
00:59:24 [DEBUG   ] pokemon_stencil.vector.path_builder:61 – Layer 1 traced: 1 path(s) found.
00:59:24 [DEBUG   ] pokemon_stencil.stencil.svg_exporter:91 – Wrote layer SVG: /tmp/pytest-of-root/pytest-5/test_selects_highest_scoring_c0/test_00/svg/img000_layer00.svg
00:59:24 [DEBUG   ] pokemon_stencil.stencil.svg_exporter:91 – Wrote layer SVG: /tmp/pytest-of-root/pytest-5/test_selects_highest_scoring_c0/test_00/svg/img000_layer01.svg
00:59:24 [DEBUG   ] pokemon_stencil.stencil.svg_exporter:99 – Wrote combined SVG: /tmp/pytest-of-root/pytest-5/test_selects_highest_scoring_c0/test_00/svg/img000_combined.svg
00:59:24 [INFO    ] pokemon_stencil.factory.factory_runner:228 – FactoryRunner.run | pokemon=Test | count=2 | top_k=1 | workers=1
00:59:24 [INFO    ] pokemon_stencil.factory.factory_runner:247 – Selected 0/0 valid candidates for stencil conversion.
00:59:24 [INFO    ] pokemon_stencil.factory.factory_runner:228 – FactoryRunner.run | pokemon=Test | count=2 | top_k=1 | workers=1
00:59:24 [INFO    ] pokemon_stencil.factory.factory_runner:247 – Selected 1/1 valid candidates for stencil conversion.
00:59:24 [INFO    ] pokemon_stencil.factory.factory_runner:263 – Stencil pipeline | rank=0 | candidate=0 | score=0.500 | run=test_00
00:59:24 [DEBUG   ] pokemon_stencil.image_proc.segmenter:116 – Layer 0 | colour=(200, 200, 200) | pixels=512 (50.0%)
00:59:24 [DEBUG   ] pokemon_stencil.image_proc.segmenter:116 – Layer 1 | colour=(0, 0, 0) | pixels=512 (50.0%)
00:59:24 [INFO    ] pokemon_stencil.image_proc.segmenter:128 – Segmentation produced 2 layer(s).
00:59:24 [INFO    ] pokemon_stencil.factory.factory_runner:436 – 2 colour layer(s) for test_00.
00:59:24 [DEBUG   ] pokemon_stencil.stencil.layer_builder:75 – Layer 0: stencil safety applied.
00:59:24 [DEBUG   ] pokemon_stencil.stencil.layer_builder:75 – Layer 1: stencil safety applied.
00:59:24 [WARNING ] pokemon_stencil.vector.tracer:66 – pypotrace not available – using OpenCV contour fallback.
00:59:24 [DEBUG   ] pokemon_stencil.vector.path_builder:61 – Layer 0 traced: 1 path(s) found.
00:59:24 [WARNING ] pokemon_stencil.vector.tracer:66 – pypotrace not available – using OpenCV contour fallback.
00:59:24 [DEBUG   ] pokemon_stencil.vector.path_builder:61 – Layer 1 traced: 1 path(s) found.
00:59:24 [DEBUG   ] pokemon_stencil.stencil.svg_exporter:91 – Wrote layer SVG: /tmp/pytest-of-root/pytest-5/test_errors_from_generation_re0/test_00/svg/img000_layer00.svg
00:59:24 [DEBUG   ] pokemon_stencil.stencil.svg_exporter:91 – Wrote layer SVG: /tmp/pytest-of-root/pytest-5/test_errors_from_generation_re0/test_00/svg/img000_layer01.svg
00:59:24 [DEBUG   ] pokemon_stencil.stencil.svg_exporter:99 – Wrote combined SVG: /tmp/pytest-of-root/pytest-5/test_errors_from_generation_re0/test_00/svg/img000_combined.svg
00:59:24 [INFO    ] pokemon_stencil.image_proc.loader:75 – Found 3 reference image(s) in /tmp/pytest-of-root/pytest-5/test_returns_list_of_candidate0/refs
00:59:24 [DEBUG   ] pokemon_stencil.image_proc.loader:138 – Loaded: /tmp/pytest-of-root/pytest-5/test_returns_list_of_candidate0/refs/ref_00.png
00:59:24 [DEBUG   ] pokemon_stencil.image_proc.loader:138 – Loaded: /tmp/pytest-of-root/pytest-5/test_returns_list_of_candidate0/refs/ref_01.png
00:59:24 [DEBUG   ] pokemon_stencil.image_proc.loader:138 – Loaded: /tmp/pytest-of-root/pytest-5/test_returns_list_of_candidate0/refs/ref_02.png
00:59:24 [INFO    ] pokemon_stencil.image_proc.loader:102 – Loaded 3 valid reference image(s).
00:59:24 [DEBUG   ] pokemon_stencil.image_gen.style_transfer:60 – Style transfer complete.
00:59:24 [DEBUG   ] pokemon_stencil.image_proc.simplifier:64 – Simplification complete; output size: (32, 32)
00:59:24 [DEBUG   ] pokemon_stencil.factory.scoring:95 – Score: clarity=0.312 component=1.000 contrast=1.000 → 0.725
00:59:24 [DEBUG   ] pokemon_stencil.factory.factory_runner:306 – Candidate 0 scored 0.725.
00:59:24 [INFO    ] pokemon_stencil.image_proc.loader:75 – Found 3 reference image(s) in /tmp/pytest-of-root/pytest-5/test_returns_list_of_candidate0/refs
00:59:24 [DEBUG   ] pokemon_stencil.image_proc.loader:138 – Loaded: /tmp/pytest-of-root/pytest-5/test_returns_list_of_candidate0/refs/ref_00.png
00:59:24 [DEBUG   ] pokemon_stencil.image_proc.loader:138 – Loaded: /tmp/pytest-of-root/pytest-5/test_returns_list_of_candidate0/refs/ref_01.png
00:59:24 [DEBUG   ] pokemon_stencil.image_proc.loader:138 – Loaded: /tmp/pytest-of-root/pytest-5/test_returns_list_of_candidate0/refs/ref_02.png
00:59:24 [INFO    ] pokemon_stencil.image_proc.loader:102 – Loaded 3 valid reference image(s).
00:59:24 [DEBUG   ] pokemon_stencil.image_gen.style_transfer:60 – Style transfer complete.
00:59:24 [DEBUG   ] pokemon_stencil.image_proc.simplifier:64 – Simplification complete; output size: (32, 32)
00:59:24 [DEBUG   ] pokemon_stencil.factory.scoring:95 – Score: clarity=0.312 component=1.000 contrast=1.000 → 0.725
00:59:24 [DEBUG   ] pokemon_stencil.factory.factory_runner:306 – Candidate 1 scored 0.725.
00:59:24 [INFO    ] pokemon_stencil.image_proc.loader:75 – Found 3 reference image(s) in /tmp/pytest-of-root/pytest-5/test_length_equals_count0/refs
00:59:24 [DEBUG   ] pokemon_stencil.image_proc.loader:138 – Loaded: /tmp/pytest-of-root/pytest-5/test_length_equals_count0/refs/ref_00.png
00:59:24 [DEBUG   ] pokemon_stencil.image_proc.loader:138 – Loaded: /tmp/pytest-of-root/pytest-5/test_length_equals_count0/refs/ref_01.png
00:59:24 [DEBUG   ] pokemon_stencil.image_proc.loader:138 – Loaded: /tmp/pytest-of-root/pytest-5/test_length_equals_count0/refs/ref_02.png
00:59:24 [INFO    ] pokemon_stencil.image_proc.loader:102 – Loaded 3 valid reference image(s).
00:59:24 [DEBUG   ] pokemon_stencil.image_gen.style_transfer:60 – Style transfer complete.
00:59:24 [DEBUG   ] pokemon_stencil.image_proc.simplifier:64 – Simplification complete; output size: (32, 32)
00:59:24 [DEBUG   ] pokemon_stencil.factory.scoring:95 – Score: clarity=0.312 component=1.000 contrast=1.000 → 0.725
00:59:24 [DEBUG   ] pokemon_stencil.factory.factory_runner:306 – Candidate 0 scored 0.725.
00:59:24 [INFO    ] pokemon_stencil.image_proc.loader:75 – Found 3 reference image(s) in /tmp/pytest-of-root/pytest-5/test_length_equals_count0/refs
00:59:24 [DEBUG   ] pokemon_stencil.image_proc.loader:138 – Loaded: /tmp/pytest-of-root/pytest-5/test_length_equals_count0/refs/ref_00.png
00:59:24 [DEBUG   ] pokemon_stencil.image_proc.loader:138 – Loaded: /tmp/pytest-of-root/pytest-5/test_length_equals_count0/refs/ref_01.png
00:59:24 [DEBUG   ] pokemon_stencil.image_proc.loader:138 – Loaded: /tmp/pytest-of-root/pytest-5/test_length_equals_count0/refs/ref_02.png
00:59:24 [INFO    ] pokemon_stencil.image_proc.loader:102 – Loaded 3 valid reference image(s).
00:59:24 [DEBUG   ] pokemon_stencil.image_gen.style_transfer:60 – Style transfer complete.
00:59:24 [DEBUG   ] pokemon_stencil.image_proc.simplifier:64 – Simplification complete; output size: (32, 32)
00:59:24 [DEBUG   ] pokemon_stencil.factory.scoring:95 – Score: clarity=0.312 component=1.000 contrast=1.000 → 0.725
00:59:24 [DEBUG   ] pokemon_stencil.factory.factory_runner:306 – Candidate 1 scored 0.725.
00:59:24 [INFO    ] pokemon_stencil.image_proc.loader:75 – Found 3 reference image(s) in /tmp/pytest-of-root/pytest-5/test_length_equals_count0/refs
00:59:24 [DEBUG   ] pokemon_stencil.image_proc.loader:138 – Loaded: /tmp/pytest-of-root/pytest-5/test_length_equals_count0/refs/ref_00.png
00:59:24 [DEBUG   ] pokemon_stencil.image_proc.loader:138 – Loaded: /tmp/pytest-of-root/pytest-5/test_length_equals_count0/refs/ref_01.png
00:59:24 [DEBUG   ] pokemon_stencil.image_proc.loader:138 – Loaded: /tmp/pytest-of-root/pytest-5/test_length_equals_count0/refs/ref_02.png
00:59:24 [INFO    ] pokemon_stencil.image_proc.loader:102 – Loaded 3 valid reference image(s).
00:59:24 [DEBUG   ] pokemon_stencil.image_gen.style_transfer:60 – Style transfer complete.
00:59:24 [DEBUG   ] pokemon_stencil.image_proc.simplifier:64 – Simplification complete; output size: (32, 32)
00:59:24 [DEBUG   ] pokemon_stencil.factory.scoring:95 – Score: clarity=0.312 component=1.000 contrast=1.000 → 0.725
00:59:24 [DEBUG   ] pokemon_stencil.factory.factory_runner:306 – Candidate 2 scored 0.725.
00:59:24 [INFO    ] pokemon_stencil.image_proc.loader:75 – Found 3 reference image(s) in /tmp/pytest-of-root/pytest-5/test_scores_are_floats_in_rang0/refs
00:59:24 [DEBUG   ] pokemon_stencil.image_proc.loader:138 – Loaded: /tmp/pytest-of-root/pytest-5/test_scores_are_floats_in_rang0/refs/ref_00.png
00:59:24 [DEBUG   ] pokemon_stencil.image_proc.loader:138 – Loaded: /tmp/pytest-of-root/pytest-5/test_scores_are_floats_in_rang0/refs/ref_01.png
00:59:24 [DEBUG   ] pokemon_stencil.image_proc.loader:138 – Loaded: /tmp/pytest-of-root/pytest-5/test_scores_are_floats_in_rang0/refs/ref_02.png
00:59:24 [INFO    ] pokemon_stencil.image_proc.loader:102 – Loaded 3 valid reference image(s).
00:59:24 [DEBUG   ] pokemon_stencil.image_gen.style_transfer:60 – Style transfer complete.
00:59:24 [DEBUG   ] pokemon_stencil.image_proc.simplifier:64 – Simplification complete; output size: (32, 32)
00:59:24 [DEBUG   ] pokemon_stencil.factory.scoring:95 – Score: clarity=0.312 component=1.000 contrast=1.000 → 0.725
00:59:24 [DEBUG   ] pokemon_stencil.factory.factory_runner:306 – Candidate 0 scored 0.725.
00:59:24 [INFO    ] pokemon_stencil.image_proc.loader:75 – Found 3 reference image(s) in /tmp/pytest-of-root/pytest-5/test_scores_are_floats_in_rang0/refs
00:59:24 [DEBUG   ] pokemon_stencil.image_proc.loader:138 – Loaded: /tmp/pytest-of-root/pytest-5/test_scores_are_floats_in_rang0/refs/ref_00.png
00:59:24 [DEBUG   ] pokemon_stencil.image_proc.loader:138 – Loaded: /tmp/pytest-of-root/pytest-5/test_scores_are_floats_in_rang0/refs/ref_01.png
00:59:24 [DEBUG   ] pokemon_stencil.image_proc.loader:138 – Loaded: /tmp/pytest-of-root/pytest-5/test_scores_are_floats_in_rang0/refs/ref_02.png
00:59:24 [INFO    ] pokemon_stencil.image_proc.loader:102 – Loaded 3 valid reference image(s).
00:59:24 [DEBUG   ] pokemon_stencil.image_gen.style_transfer:60 – Style transfer complete.
00:59:24 [DEBUG   ] pokemon_stencil.image_proc.simplifier:64 – Simplification complete; output size: (32, 32)
00:59:24 [DEBUG   ] pokemon_stencil.factory.scoring:95 – Score: clarity=0.312 component=1.000 contrast=1.000 → 0.725
00:59:24 [DEBUG   ] pokemon_stencil.factory.factory_runner:306 – Candidate 1 scored 0.725.
00:59:24 [INFO    ] pokemon_stencil.image_proc.loader:75 – Found 3 reference image(s) in /tmp/pytest-of-root/pytest-5/test_indices_sequential0/refs
00:59:24 [DEBUG   ] pokemon_stencil.image_proc.loader:138 – Loaded: /tmp/pytest-of-root/pytest-5/test_indices_sequential0/refs/ref_00.png
00:59:24 [DEBUG   ] pokemon_stencil.image_proc.loader:138 – Loaded: /tmp/pytest-of-root/pytest-5/test_indices_sequential0/refs/ref_01.png
00:59:24 [DEBUG   ] pokemon_stencil.image_proc.loader:138 – Loaded: /tmp/pytest-of-root/pytest-5/test_indices_sequential0/refs/ref_02.png
00:59:24 [INFO    ] pokemon_stencil.image_proc.loader:102 – Loaded 3 valid reference image(s).
00:59:24 [DEBUG   ] pokemon_stencil.image_gen.style_transfer:60 – Style transfer complete.
00:59:24 [DEBUG   ] pokemon_stencil.image_proc.simplifier:64 – Simplification complete; output size: (32, 32)
00:59:24 [DEBUG   ] pokemon_stencil.factory.scoring:95 – Score: clarity=0.312 component=1.000 contrast=1.000 → 0.725
00:59:24 [DEBUG   ] pokemon_stencil.factory.factory_runner:306 – Candidate 0 scored 0.725.
00:59:24 [INFO    ] pokemon_stencil.image_proc.loader:75 – Found 3 reference image(s) in /tmp/pytest-of-root/pytest-5/test_indices_sequential0/refs
00:59:24 [DEBUG   ] pokemon_stencil.image_proc.loader:138 – Loaded: /tmp/pytest-of-root/pytest-5/test_indices_sequential0/refs/ref_00.png
00:59:24 [DEBUG   ] pokemon_stencil.image_proc.loader:138 – Loaded: /tmp/pytest-of-root/pytest-5/test_indices_sequential0/refs/ref_01.png
00:59:24 [DEBUG   ] pokemon_stencil.image_proc.loader:138 – Loaded: /tmp/pytest-of-root/pytest-5/test_indices_sequential0/refs/ref_02.png
00:59:24 [INFO    ] pokemon_stencil.image_proc.loader:102 – Loaded 3 valid reference image(s).
00:59:24 [DEBUG   ] pokemon_stencil.image_gen.style_transfer:60 – Style transfer complete.
00:59:24 [DEBUG   ] pokemon_stencil.image_proc.simplifier:64 – Simplification complete; output size: (32, 32)
00:59:24 [DEBUG   ] pokemon_stencil.factory.scoring:95 – Score: clarity=0.312 component=1.000 contrast=1.000 → 0.725
00:59:24 [DEBUG   ] pokemon_stencil.factory.factory_runner:306 – Candidate 1 scored 0.725.
00:59:24 [INFO    ] pokemon_stencil.image_proc.loader:75 – Found 3 reference image(s) in /tmp/pytest-of-root/pytest-5/test_indices_sequential0/refs
00:59:24 [DEBUG   ] pokemon_stencil.image_proc.loader:138 – Loaded: /tmp/pytest-of-root/pytest-5/test_indices_sequential0/refs/ref_00.png
00:59:24 [DEBUG   ] pokemon_stencil.image_proc.loader:138 – Loaded: /tmp/pytest-of-root/pytest-5/test_indices_sequential0/refs/ref_01.png
00:59:24 [DEBUG   ] pokemon_stencil.image_proc.loader:138 – Loaded: /tmp/pytest-of-root/pytest-5/test_indices_sequential0/refs/ref_02.png
00:59:24 [INFO    ] pokemon_stencil.image_proc.loader:102 – Loaded 3 valid reference image(s).
00:59:24 [DEBUG   ] pokemon_stencil.image_gen.style_transfer:60 – Style transfer complete.
00:59:24 [DEBUG   ] pokemon_stencil.image_proc.simplifier:64 – Simplification complete; output size: (32, 32)
00:59:24 [DEBUG   ] pokemon_stencil.factory.scoring:95 – Score: clarity=0.312 component=1.000 contrast=1.000 → 0.725
00:59:24 [DEBUG   ] pokemon_stencil.factory.factory_runner:306 – Candidate 2 scored 0.725.
00:59:24 [INFO    ] pokemon_stencil.image_proc.loader:75 – Found 3 reference image(s) in /tmp/pytest-of-root/pytest-5/test_candidate_images_saved_to0/refs
00:59:24 [DEBUG   ] pokemon_stencil.image_proc.loader:138 – Loaded: /tmp/pytest-of-root/pytest-5/test_candidate_images_saved_to0/refs/ref_00.png
00:59:24 [DEBUG   ] pokemon_stencil.image_proc.loader:138 – Loaded: /tmp/pytest-of-root/pytest-5/test_candidate_images_saved_to0/refs/ref_01.png
00:59:24 [DEBUG   ] pokemon_stencil.image_proc.loader:138 – Loaded: /tmp/pytest-of-root/pytest-5/test_candidate_images_saved_to0/refs/ref_02.png
00:59:24 [INFO    ] pokemon_stencil.image_proc.loader:102 – Loaded 3 valid reference image(s).
00:59:24 [DEBUG   ] pokemon_stencil.image_gen.style_transfer:60 – Style transfer complete.
00:59:24 [DEBUG   ] pokemon_stencil.image_proc.simplifier:64 – Simplification complete; output size: (32, 32)
00:59:24 [DEBUG   ] pokemon_stencil.factory.scoring:95 – Score: clarity=0.312 component=1.000 contrast=1.000 → 0.725
00:59:24 [DEBUG   ] pokemon_stencil.factory.factory_runner:306 – Candidate 0 scored 0.725.
00:59:24 [INFO    ] pokemon_stencil.image_proc.loader:75 – Found 3 reference image(s) in /tmp/pytest-of-root/pytest-5/test_candidate_images_saved_to0/refs
00:59:24 [DEBUG   ] pokemon_stencil.image_proc.loader:138 – Loaded: /tmp/pytest-of-root/pytest-5/test_candidate_images_saved_to0/refs/ref_00.png
00:59:24 [DEBUG   ] pokemon_stencil.image_proc.loader:138 – Loaded: /tmp/pytest-of-root/pytest-5/test_candidate_images_saved_to0/refs/ref_01.png
00:59:24 [DEBUG   ] pokemon_stencil.image_proc.loader:138 – Loaded: /tmp/pytest-of-root/pytest-5/test_candidate_images_saved_to0/refs/ref_02.png
00:59:24 [INFO    ] pokemon_stencil.image_proc.loader:102 – Loaded 3 valid reference image(s).
00:59:24 [DEBUG   ] pokemon_stencil.image_gen.style_transfer:60 – Style transfer complete.
00:59:24 [DEBUG   ] pokemon_stencil.image_proc.simplifier:64 – Simplification complete; output size: (32, 32)
00:59:24 [DEBUG   ] pokemon_stencil.factory.scoring:95 – Score: clarity=0.312 component=1.000 contrast=1.000 → 0.725
00:59:24 [DEBUG   ] pokemon_stencil.factory.factory_runner:306 – Candidate 1 scored 0.725.
00:59:24 [INFO    ] pokemon_stencil.image_proc.loader:75 – Found 3 reference image(s) in /tmp/pytest-of-root/pytest-5/test_returns_pil_image0/refs
00:59:24 [DEBUG   ] pokemon_stencil.image_proc.loader:138 – Loaded: /tmp/pytest-of-root/pytest-5/test_returns_pil_image0/refs/ref_00.png
00:59:24 [DEBUG   ] pokemon_stencil.image_proc.loader:138 – Loaded: /tmp/pytest-of-root/pytest-5/test_returns_pil_image0/refs/ref_01.png
00:59:24 [DEBUG   ] pokemon_stencil.image_proc.loader:138 – Loaded: /tmp/pytest-of-root/pytest-5/test_returns_pil_image0/refs/ref_02.png
00:59:24 [INFO    ] pokemon_stencil.image_proc.loader:102 – Loaded 3 valid reference image(s).
00:59:24 [DEBUG   ] pokemon_stencil.image_gen.style_transfer:60 – Style transfer complete.
00:59:24 [DEBUG   ] pokemon_stencil.image_proc.simplifier:64 – Simplification complete; output size: (32, 32)
00:59:24 [INFO    ] pokemon_stencil.image_proc.loader:75 – Found 2 reference image(s) in /tmp/pytest-of-root/pytest-5/test_cycles_through_refs0/refs
00:59:24 [DEBUG   ] pokemon_stencil.image_proc.loader:138 – Loaded: /tmp/pytest-of-root/pytest-5/test_cycles_through_refs0/refs/ref_00.png
00:59:24 [DEBUG   ] pokemon_stencil.image_proc.loader:138 – Loaded: /tmp/pytest-of-root/pytest-5/test_cycles_through_refs0/refs/ref_01.png
00:59:24 [INFO    ] pokemon_stencil.image_proc.loader:102 – Loaded 2 valid reference image(s).
00:59:24 [DEBUG   ] pokemon_stencil.image_gen.style_transfer:60 – Style transfer complete.
00:59:24 [DEBUG   ] pokemon_stencil.image_proc.simplifier:64 – Simplification complete; output size: (32, 32)
00:59:24 [INFO    ] pokemon_stencil.image_proc.loader:75 – Found 2 reference image(s) in /tmp/pytest-of-root/pytest-5/test_cycles_through_refs0/refs
00:59:24 [DEBUG   ] pokemon_stencil.image_proc.loader:138 – Loaded: /tmp/pytest-of-root/pytest-5/test_cycles_through_refs0/refs/ref_00.png
00:59:24 [DEBUG   ] pokemon_stencil.image_proc.loader:138 – Loaded: /tmp/pytest-of-root/pytest-5/test_cycles_through_refs0/refs/ref_01.png
00:59:24 [INFO    ] pokemon_stencil.image_proc.loader:102 – Loaded 2 valid reference image(s).
00:59:24 [DEBUG   ] pokemon_stencil.image_gen.style_transfer:60 – Style transfer complete.
00:59:24 [DEBUG   ] pokemon_stencil.image_proc.simplifier:64 – Simplification complete; output size: (32, 32)
00:59:24 [DEBUG   ] pokemon_stencil.models.model_loader:90 – Pipeline cache cleared (0 entry/entries removed).
00:59:24 [DEBUG   ] pokemon_stencil.models.model_loader:90 – Pipeline cache cleared (0 entry/entries removed).
00:59:24 [DEBUG   ] pokemon_stencil.models.model_loader:90 – Pipeline cache cleared (0 entry/entries removed).
00:59:24 [DEBUG   ] pokemon_stencil.models.model_loader:90 – Pipeline cache cleared (0 entry/entries removed).
00:59:24 [DEBUG   ] pokemon_stencil.models.model_loader:90 – Pipeline cache cleared (0 entry/entries removed).
00:59:24 [DEBUG   ] pokemon_stencil.models.model_loader:90 – Pipeline cache cleared (0 entry/entries removed).
00:59:24 [DEBUG   ] pokemon_stencil.models.model_loader:90 – Pipeline cache cleared (0 entry/entries removed).
00:59:24 [DEBUG   ] pokemon_stencil.models.model_loader:90 – Pipeline cache cleared (0 entry/entries removed).
00:59:24 [DEBUG   ] pokemon_stencil.models.model_loader:90 – Pipeline cache cleared (0 entry/entries removed).
00:59:24 [DEBUG   ] pokemon_stencil.models.model_loader:90 – Pipeline cache cleared (0 entry/entries removed).
00:59:24 [DEBUG   ] pokemon_stencil.models.model_loader:90 – Pipeline cache cleared (0 entry/entries removed).
00:59:24 [DEBUG   ] pokemon_stencil.models.model_loader:90 – Pipeline cache cleared (0 entry/entries removed).
00:59:24 [DEBUG   ] pokemon_stencil.models.model_loader:90 – Pipeline cache cleared (0 entry/entries removed).
00:59:24 [DEBUG   ] pokemon_stencil.models.model_loader:90 – Pipeline cache cleared (0 entry/entries removed).
00:59:24 [DEBUG   ] pokemon_stencil.models.model_loader:90 – Pipeline cache cleared (0 entry/entries removed).
00:59:24 [DEBUG   ] pokemon_stencil.models.model_loader:90 – Pipeline cache cleared (0 entry/entries removed).
00:59:24 [DEBUG   ] pokemon_stencil.models.model_loader:90 – Pipeline cache cleared (0 entry/entries removed).
00:59:24 [DEBUG   ] pokemon_stencil.models.model_loader:90 – Pipeline cache cleared (0 entry/entries removed).
00:59:24 [DEBUG   ] pokemon_stencil.models.model_loader:90 – Pipeline cache cleared (0 entry/entries removed).
00:59:24 [INFO    ] pokemon_stencil.image_gen.generator:79 – Generating 2 image(s) for 'Pikachu' | steps=1 | seed=42
00:59:24 [DEBUG   ] pokemon_stencil.image_gen.generator:105 – Generated image 1/2
00:59:24 [DEBUG   ] pokemon_stencil.image_gen.generator:105 – Generated image 2/2
00:59:24 [DEBUG   ] pokemon_stencil.models.model_loader:90 – Pipeline cache cleared (0 entry/entries removed).
00:59:24 [DEBUG   ] pokemon_stencil.models.model_loader:90 – Pipeline cache cleared (0 entry/entries removed).
00:59:24 [INFO    ] pokemon_stencil.image_gen.generator:79 – Generating 3 image(s) for 'Pikachu' | steps=1 | seed=42
00:59:24 [DEBUG   ] pokemon_stencil.image_gen.generator:105 – Generated image 1/3
00:59:24 [DEBUG   ] pokemon_stencil.image_gen.generator:105 – Generated image 2/3
00:59:24 [DEBUG   ] pokemon_stencil.image_gen.generator:105 – Generated image 3/3
00:59:24 [DEBUG   ] pokemon_stencil.models.model_loader:90 – Pipeline cache cleared (0 entry/entries removed).
00:59:24 [DEBUG   ] pokemon_stencil.models.model_loader:90 – Pipeline cache cleared (0 entry/entries removed).
00:59:24 [INFO    ] pokemon_stencil.image_gen.generator:79 – Generating 1 image(s) for 'Snorlax' | steps=1 | seed=42
00:59:24 [DEBUG   ] pokemon_stencil.image_gen.generator:105 – Generated image 1/1
00:59:24 [DEBUG   ] pokemon_stencil.models.model_loader:90 – Pipeline cache cleared (0 entry/entries removed).
00:59:24 [DEBUG   ] pokemon_stencil.models.model_loader:90 – Pipeline cache cleared (0 entry/entries removed).
00:59:24 [INFO    ] pokemon_stencil.image_gen.generator:79 – Generating 1 image(s) for 'Pikachu' | steps=1 | seed=42
00:59:24 [DEBUG   ] pokemon_stencil.image_gen.generator:105 – Generated image 1/1
00:59:24 [DEBUG   ] pokemon_stencil.models.model_loader:90 – Pipeline cache cleared (0 entry/entries removed).
00:59:24 [DEBUG   ] pokemon_stencil.models.model_loader:90 – Pipeline cache cleared (0 entry/entries removed).
00:59:24 [INFO    ] pokemon_stencil.image_gen.generator:79 – Generating 1 image(s) for 'Pikachu' | steps=1 | seed=42
00:59:24 [DEBUG   ] pokemon_stencil.image_gen.generator:105 – Generated image 1/1
00:59:24 [DEBUG   ] pokemon_stencil.models.model_loader:90 – Pipeline cache cleared (0 entry/entries removed).
00:59:24 [DEBUG   ] pokemon_stencil.models.model_loader:90 – Pipeline cache cleared (0 entry/entries removed).
00:59:24 [INFO    ] pokemon_stencil.image_gen.generator:79 – Generating 1 image(s) for 'Pikachu' | steps=1 | seed=42
00:59:24 [DEBUG   ] pokemon_stencil.image_gen.generator:105 – Generated image 1/1
00:59:24 [DEBUG   ] pokemon_stencil.models.model_loader:90 – Pipeline cache cleared (0 entry/entries removed).
00:59:24 [DEBUG   ] pokemon_stencil.models.model_loader:90 – Pipeline cache cleared (0 entry/entries removed).
00:59:24 [INFO    ] pokemon_stencil.image_gen.generator:79 – Generating 1 image(s) for 'Pikachu' | steps=1 | seed=42
00:59:24 [DEBUG   ] pokemon_stencil.image_gen.generator:105 – Generated image 1/1
00:59:24 [DEBUG   ] pokemon_stencil.models.model_loader:90 – Pipeline cache cleared (0 entry/entries removed).
00:59:24 [DEBUG   ] pokemon_stencil.models.model_loader:90 – Pipeline cache cleared (0 entry/entries removed).
00:59:24 [INFO    ] pokemon_stencil.image_gen.generator:79 – Generating 1 image(s) for 'Pikachu' | steps=1 | seed=42
00:59:24 [DEBUG   ] pokemon_stencil.image_gen.generator:105 – Generated image 1/1
00:59:24 [DEBUG   ] pokemon_stencil.models.model_loader:90 – Pipeline cache cleared (0 entry/entries removed).
00:59:24 [DEBUG   ] pokemon_stencil.models.model_loader:90 – Pipeline cache cleared (0 entry/entries removed).
00:59:24 [INFO    ] pokemon_stencil.image_gen.generator:79 – Generating 1 image(s) for 'Pikachu' | steps=1 | seed=999
00:59:24 [DEBUG   ] pokemon_stencil.image_gen.generator:105 – Generated image 1/1
00:59:24 [DEBUG   ] pokemon_stencil.models.model_loader:90 – Pipeline cache cleared (0 entry/entries removed).
00:59:24 [DEBUG   ] pokemon_stencil.models.model_loader:90 – Pipeline cache cleared (0 entry/entries removed).
00:59:24 [INFO    ] pokemon_stencil.image_gen.generator:79 – Generating 1 image(s) for 'Pikachu' | steps=1 | seed=42
00:59:24 [DEBUG   ] pokemon_stencil.image_gen.generator:105 – Generated image 1/1
00:59:24 [DEBUG   ] pokemon_stencil.models.model_loader:90 – Pipeline cache cleared (0 entry/entries removed).
00:59:24 [DEBUG   ] pokemon_stencil.models.model_loader:90 – Pipeline cache cleared (0 entry/entries removed).
00:59:24 [INFO    ] pokemon_stencil.image_gen.generator:79 – Generating 1 image(s) for 'Pikachu' | steps=1 | seed=42
00:59:24 [DEBUG   ] pokemon_stencil.image_gen.generator:105 – Generated image 1/1
00:59:24 [DEBUG   ] pokemon_stencil.models.model_loader:90 – Pipeline cache cleared (0 entry/entries removed).
00:59:24 [DEBUG   ] pokemon_stencil.models.model_loader:90 – Pipeline cache cleared (0 entry/entries removed).
00:59:24 [INFO    ] pokemon_stencil.image_gen.generator:79 – Generating 1 image(s) for 'Pikachu' | steps=1 | seed=42
00:59:24 [DEBUG   ] pokemon_stencil.image_gen.generator:105 – Generated image 1/1
00:59:24 [DEBUG   ] pokemon_stencil.models.model_loader:90 – Pipeline cache cleared (0 entry/entries removed).
00:59:24 [DEBUG   ] pokemon_stencil.models.model_loader:90 – Pipeline cache cleared (0 entry/entries removed).
00:59:24 [INFO    ] pokemon_stencil.image_gen.generator:131 – Saved generated image: /tmp/pytest-of-root/pytest-5/test_saves_all_images0/out/test_000.png
00:59:24 [INFO    ] pokemon_stencil.image_gen.generator:131 – Saved generated image: /tmp/pytest-of-root/pytest-5/test_saves_all_images0/out/test_001.png
00:59:24 [INFO    ] pokemon_stencil.image_gen.generator:131 – Saved generated image: /tmp/pytest-of-root/pytest-5/test_saves_all_images0/out/test_002.png
00:59:24 [DEBUG   ] pokemon_stencil.models.model_loader:90 – Pipeline cache cleared (0 entry/entries removed).
00:59:24 [DEBUG   ] pokemon_stencil.models.model_loader:90 – Pipeline cache cleared (0 entry/entries removed).
00:59:24 [INFO    ] pokemon_stencil.image_gen.generator:131 – Saved generated image: /tmp/pytest-of-root/pytest-5/test_creates_output_dir0/nested/output/gen_000.png
00:59:24 [DEBUG   ] pokemon_stencil.models.model_loader:90 – Pipeline cache cleared (0 entry/entries removed).
00:59:24 [DEBUG   ] pokemon_stencil.models.model_loader:90 – Pipeline cache cleared (0 entry/entries removed).
00:59:24 [INFO    ] pokemon_stencil.image_gen.generator:131 – Saved generated image: /tmp/pytest-of-root/pytest-5/test_filenames_use_prefix0/gen_000.png
00:59:24 [DEBUG   ] pokemon_stencil.models.model_loader:90 – Pipeline cache cleared (0 entry/entries removed).
00:59:24 [DEBUG   ] pokemon_stencil.models.model_loader:90 – Pipeline cache cleared (0 entry/entries removed).
00:59:24 [INFO    ] pokemon_stencil.image_gen.generator:131 – Saved generated image: /tmp/pytest-of-root/pytest-5/test_filenames_zero_padded0/gen_000.png
00:59:24 [INFO    ] pokemon_stencil.image_gen.generator:131 – Saved generated image: /tmp/pytest-of-root/pytest-5/test_filenames_zero_padded0/gen_001.png
00:59:24 [DEBUG   ] pokemon_stencil.models.model_loader:90 – Pipeline cache cleared (0 entry/entries removed).
00:59:24 [DEBUG   ] pokemon_stencil.models.model_loader:90 – Pipeline cache cleared (0 entry/entries removed).
00:59:24 [INFO    ] pokemon_stencil.image_gen.generator:131 – Saved generated image: /tmp/pytest-of-root/pytest-5/test_returns_path_objects0/gen_000.png
00:59:24 [DEBUG   ] pokemon_stencil.models.model_loader:90 – Pipeline cache cleared (0 entry/entries removed).
00:59:24 [DEBUG   ] pokemon_stencil.models.model_loader:90 – Pipeline cache cleared (0 entry/entries removed).
00:59:24 [DEBUG   ] pokemon_stencil.models.model_loader:90 – Pipeline cache cleared (0 entry/entries removed).
00:59:24 [DEBUG   ] pokemon_stencil.models.model_loader:90 – Pipeline cache cleared (0 entry/entries removed).
00:59:24 [DEBUG   ] pokemon_stencil.models.model_loader:90 – Pipeline cache cleared (0 entry/entries removed).
00:59:24 [DEBUG   ] pokemon_stencil.stencil.layer_builder:75 – Layer 0: stencil safety applied.
00:59:24 [DEBUG   ] pokemon_stencil.stencil.layer_builder:75 – Layer 1: stencil safety applied.
00:59:24 [DEBUG   ] pokemon_stencil.stencil.layer_builder:75 – Layer 2: stencil safety applied.
00:59:24 [DEBUG   ] pokemon_stencil.stencil.layer_builder:75 – Layer 0: stencil safety applied.
00:59:24 [DEBUG   ] pokemon_stencil.stencil.layer_builder:75 – Layer 0: stencil safety applied.
00:59:24 [DEBUG   ] pokemon_stencil.stencil.layer_builder:75 – Layer 1: stencil safety applied.
00:59:24 [DEBUG   ] pokemon_stencil.stencil.layer_builder:75 – Layer 2: stencil safety applied.
00:59:24 [DEBUG   ] pokemon_stencil.stencil.layer_builder:75 – Layer 3: stencil safety applied.
00:59:24 [DEBUG   ] pokemon_stencil.stencil.layer_builder:75 – Layer 0: stencil safety applied.
00:59:24 [DEBUG   ] pokemon_stencil.stencil.layer_builder:75 – Layer 0: stencil safety applied.
00:59:24 [DEBUG   ] pokemon_stencil.stencil.layer_builder:75 – Layer 0: stencil safety applied.
00:59:24 [DEBUG   ] pokemon_stencil.stencil.layer_builder:75 – Layer 0: stencil safety applied.
00:59:24 [DEBUG   ] pokemon_stencil.stencil.layer_builder:75 – Layer 0: stencil safety applied.
00:59:24 [DEBUG   ] pokemon_stencil.stencil.layer_builder:158 – Bridge added for component 1 (centroid=31,31)
00:59:24 [DEBUG   ] pokemon_stencil.stencil.layer_builder:75 – Layer 0: stencil safety applied.
00:59:24 [DEBUG   ] pokemon_stencil.stencil.layer_builder:75 – Layer 0: stencil safety applied.
00:59:24 [DEBUG   ] pokemon_stencil.stencil.layer_builder:75 – Layer 0: stencil safety applied.
00:59:24 [DEBUG   ] pokemon_stencil.stencil.layer_builder:75 – Layer 0: stencil safety applied.
00:59:24 [DEBUG   ] pokemon_stencil.stencil.layer_builder:158 – Bridge added for component 1 (centroid=31,31)
00:59:24 [DEBUG   ] pokemon_stencil.stencil.layer_builder:75 – Layer 0: stencil safety applied.
00:59:24 [DEBUG   ] pokemon_stencil.stencil.layer_builder:158 – Bridge added for component 1 (centroid=14,14)
00:59:24 [DEBUG   ] pokemon_stencil.stencil.layer_builder:158 – Bridge added for component 2 (centroid=48,48)
00:59:24 [DEBUG   ] pokemon_stencil.stencil.layer_builder:75 – Layer 0: stencil safety applied.
00:59:24 [DEBUG   ] pokemon_stencil.stencil.layer_builder:75 – Layer 0: stencil safety applied.
00:59:24 [DEBUG   ] pokemon_stencil.stencil.layer_builder:75 – Layer 0: stencil safety applied.
00:59:24 [DEBUG   ] pokemon_stencil.stencil.layer_builder:75 – Layer 0: stencil safety applied.
00:59:24 [DEBUG   ] pokemon_stencil.stencil.layer_builder:75 – Layer 1: stencil safety applied.
00:59:24 [DEBUG   ] pokemon_stencil.stencil.layer_builder:75 – Layer 2: stencil safety applied.
00:59:24 [DEBUG   ] pokemon_stencil.stencil.layer_builder:75 – Layer 0: stencil safety applied.
00:59:24 [DEBUG   ] pokemon_stencil.stencil.layer_builder:75 – Layer 0: stencil safety applied.
00:59:24 [DEBUG   ] pokemon_stencil.logging_config:97 – Logging initialised (verbose=False, file=outputs/pokemon_stencil.log)
00:59:24 [DEBUG   ] pokemon_stencil.logging_config:97 – Logging initialised (verbose=True, file=outputs/pokemon_stencil.log)
00:59:24 [DEBUG   ] pokemon_stencil.logging_config:97 – Logging initialised (verbose=False, file=outputs/pokemon_stencil.log)
00:59:24 [DEBUG   ] pokemon_stencil.logging_config:97 – Logging initialised (verbose=False, file=outputs/pokemon_stencil.log)
00:59:24 [DEBUG   ] pokemon_stencil.logging_config:97 – Logging initialised (verbose=False, file=outputs/pokemon_stencil.log)
00:59:24 [DEBUG   ] pokemon_stencil.logging_config:97 – Logging initialised (verbose=False, file=outputs/pokemon_stencil.log)
01:00:48 [DEBUG   ] pokemon_stencil.logging_config:97 – Logging initialised (verbose=False, file=outputs/pokemon_stencil.log)
01:00:48 [INFO    ] pokemon_stencil.cli:170 – Command: generate | pokemon=Pikachu | count=1
01:00:48 [DEBUG   ] pokemon_stencil.logging_config:97 – Logging initialised (verbose=False, file=outputs/pokemon_stencil.log)
01:00:48 [INFO    ] pokemon_stencil.cli:332 – Command: batch | config=/tmp/pytest-of-root/pytest-6/test_invalid_json_config_exits0/bad.json | count=3 | workers=1
01:00:48 [DEBUG   ] pokemon_stencil.logging_config:97 – Logging initialised (verbose=False, file=outputs/pokemon_stencil.log)
01:00:48 [INFO    ] pokemon_stencil.cli:332 – Command: batch | config=/tmp/pytest-of-root/pytest-6/test_config_missing_name_key_e0/bad.json | count=3 | workers=1
01:00:48 [DEBUG   ] pokemon_stencil.logging_config:97 – Logging initialised (verbose=False, file=outputs/pokemon_stencil.log)
01:00:48 [INFO    ] pokemon_stencil.cli:332 – Command: batch | config=/tmp/pytest-of-root/pytest-6/test_workers_option_accepted0/cfg.json | count=3 | workers=2
01:00:48 [INFO    ] pokemon_stencil.batch.batch_runner:196 – Batch starting: 3 job(s) | workers=2 | skip_generation=False
01:00:48 [INFO    ] pokemon_stencil.batch.batch_runner:266 – Spawning 2 worker process(es).
01:00:49 [INFO    ] pokemon_stencil.factory.factory_runner:228 – FactoryRunner.run | pokemon=Pikachu | count=2 | top_k=1 | workers=1
01:00:49 [INFO    ] pokemon_stencil.image_proc.loader:75 – Found 3 reference image(s) in /tmp/pytest-of-root/pytest-6/test_returns_factory_result0/refs
01:00:49 [DEBUG   ] pokemon_stencil.image_proc.loader:138 – Loaded: /tmp/pytest-of-root/pytest-6/test_returns_factory_result0/refs/ref_00.png
01:00:49 [DEBUG   ] pokemon_stencil.image_proc.loader:138 – Loaded: /tmp/pytest-of-root/pytest-6/test_returns_factory_result0/refs/ref_01.png
01:00:49 [DEBUG   ] pokemon_stencil.image_proc.loader:138 – Loaded: /tmp/pytest-of-root/pytest-6/test_returns_factory_result0/refs/ref_02.png
01:00:49 [INFO    ] pokemon_stencil.image_proc.loader:102 – Loaded 3 valid reference image(s).
01:00:49 [DEBUG   ] pokemon_stencil.image_gen.style_transfer:60 – Style transfer complete.
01:00:49 [DEBUG   ] pokemon_stencil.image_proc.simplifier:64 – Simplification complete; output size: (32, 32)
01:00:49 [DEBUG   ] pokemon_stencil.factory.scoring:95 – Score: clarity=0.312 component=1.000 contrast=1.000 → 0.725
01:00:49 [DEBUG   ] pokemon_stencil.factory.factory_runner:306 – Candidate 0 scored 0.725.
01:00:49 [INFO    ] pokemon_stencil.image_proc.loader:75 – Found 3 reference image(s) in /tmp/pytest-of-root/pytest-6/test_returns_factory_result0/refs
01:00:49 [DEBUG   ] pokemon_stencil.image_proc.loader:138 – Loaded: /tmp/pytest-of-root/pytest-6/test_returns_factory_result0/refs/ref_00.png
01:00:49 [DEBUG   ] pokemon_stencil.image_proc.loader:138 – Loaded: /tmp/pytest-of-root/pytest-6/test_returns_factory_result0/refs/ref_01.png
01:00:49 [DEBUG   ] pokemon_stencil.image_proc.loader:138 – Loaded: /tmp/pytest-of-root/pytest-6/test_returns_factory_result0/refs/ref_02.png
01:00:49 [INFO    ] pokemon_stencil.image_proc.loader:102 – Loaded 3 valid reference image(s).
01:00:49 [DEBUG   ] pokemon_stencil.image_gen.style_transfer:60 – Style transfer complete.
01:00:49 [DEBUG   ] pokemon_stencil.image_proc.simplifier:64 – Simplification complete; output size: (32, 32)
01:00:49 [DEBUG   ] pokemon_stencil.factory.scoring:95 – Score: clarity=0.312 component=1.000 contrast=1.000 → 0.725
01:00:49 [DEBUG   ] pokemon_stencil.factory.factory_runner:306 – Candidate 1 scored 0.725.
01:00:49 [INFO    ] pokemon_stencil.factory.factory_runner:247 – Selected 1/2 valid candidates for stencil conversion.
01:00:49 [INFO    ] pokemon_stencil.factory.factory_runner:263 – Stencil pipeline | rank=0 | candidate=0 | score=0.725 | run=pikachu_00
01:00:49 [DEBUG   ] pokemon_stencil.image_proc.segmenter:116 – Layer 0 | colour=(255, 255, 255) | pixels=512 (50.0%)
01:00:49 [DEBUG   ] pokemon_stencil.image_proc.segmenter:116 – Layer 1 | colour=(0, 0, 0) | pixels=512 (50.0%)
01:00:49 [INFO    ] pokemon_stencil.image_proc.segmenter:128 – Segmentation produced 2 layer(s).
01:00:49 [INFO    ] pokemon_stencil.factory.factory_runner:436 – 2 colour layer(s) for pikachu_00.
01:00:49 [DEBUG   ] pokemon_stencil.stencil.layer_builder:75 – Layer 0: stencil safety applied.
01:00:49 [DEBUG   ] pokemon_stencil.stencil.layer_builder:75 – Layer 1: stencil safety applied.
01:00:49 [WARNING ] pokemon_stencil.vector.tracer:66 – pypotrace not available – using OpenCV contour fallback.
01:00:49 [DEBUG   ] pokemon_stencil.vector.path_builder:61 – Layer 0 traced: 1 path(s) found.
01:00:49 [WARNING ] pokemon_stencil.vector.tracer:66 – pypotrace not available – using OpenCV contour fallback.
01:00:49 [DEBUG   ] pokemon_stencil.vector.path_builder:61 – Layer 1 traced: 1 path(s) found.
01:00:49 [DEBUG   ] pokemon_stencil.stencil.svg_exporter:91 – Wrote layer SVG: /tmp/pytest-of-root/pytest-6/test_returns_factory_result0/pikachu_00/svg/img000_layer00.svg
01:00:49 [DEBUG   ] pokemon_stencil.stencil.svg_exporter:91 – Wrote layer SVG: /tmp/pytest-of-root/pytest-6/test_returns_factory_result0/pikachu_00/svg/img000_layer01.svg
01:00:49 [DEBUG   ] pokemon_stencil.stencil.svg_exporter:99 – Wrote combined SVG: /tmp/pytest-of-root/pytest-6/test_returns_factory_result0/pikachu_00/svg/img000_combined.svg
01:00:49 [INFO    ] pokemon_stencil.factory.factory_runner:228 – FactoryRunner.run | pokemon=Gengar | count=2 | top_k=1 | workers=1
01:00:49 [INFO    ] pokemon_stencil.image_proc.loader:75 – Found 3 reference image(s) in /tmp/pytest-of-root/pytest-6/test_pokemon_name_in_result0/refs
01:00:49 [DEBUG   ] pokemon_stencil.image_proc.loader:138 – Loaded: /tmp/pytest-of-root/pytest-6/test_pokemon_name_in_result0/refs/ref_00.png
01:00:49 [DEBUG   ] pokemon_stencil.image_proc.loader:138 – Loaded: /tmp/pytest-of-root/pytest-6/test_pokemon_name_in_result0/refs/ref_01.png
01:00:49 [DEBUG   ] pokemon_stencil.image_proc.loader:138 – Loaded: /tmp/pytest-of-root/pytest-6/test_pokemon_name_in_result0/refs/ref_02.png
01:00:49 [INFO    ] pokemon_stencil.image_proc.loader:102 – Loaded 3 valid reference image(s).
01:00:49 [DEBUG   ] pokemon_stencil.image_gen.style_transfer:60 – Style transfer complete.
01:00:49 [DEBUG   ] pokemon_stencil.image_proc.simplifier:64 – Simplification complete; output size: (32, 32)
01:00:49 [DEBUG   ] pokemon_stencil.factory.scoring:95 – Score: clarity=0.312 component=1.000 contrast=1.000 → 0.725
01:00:49 [DEBUG   ] pokemon_stencil.factory.factory_runner:306 – Candidate 0 scored 0.725.
01:00:49 [INFO    ] pokemon_stencil.image_proc.loader:75 – Found 3 reference image(s) in /tmp/pytest-of-root/pytest-6/test_pokemon_name_in_result0/refs
01:00:49 [DEBUG   ] pokemon_stencil.image_proc.loader:138 – Loaded: /tmp/pytest-of-root/pytest-6/test_pokemon_name_in_result0/refs/ref_00.png
01:00:49 [DEBUG   ] pokemon_stencil.image_proc.loader:138 – Loaded: /tmp/pytest-of-root/pytest-6/test_pokemon_name_in_result0/refs/ref_01.png
01:00:49 [DEBUG   ] pokemon_stencil.image_proc.loader:138 – Loaded: /tmp/pytest-of-root/pytest-6/test_pokemon_name_in_result0/refs/ref_02.png
01:00:49 [INFO    ] pokemon_stencil.image_proc.loader:102 – Loaded 3 valid reference image(s).
01:00:49 [DEBUG   ] pokemon_stencil.image_gen.style_transfer:60 – Style transfer complete.
01:00:49 [DEBUG   ] pokemon_stencil.image_proc.simplifier:64 – Simplification complete; output size: (32, 32)
01:00:49 [DEBUG   ] pokemon_stencil.factory.scoring:95 – Score: clarity=0.312 component=1.000 contrast=1.000 → 0.725
01:00:49 [DEBUG   ] pokemon_stencil.factory.factory_runner:306 – Candidate 1 scored 0.725.
01:00:49 [INFO    ] pokemon_stencil.factory.factory_runner:247 – Selected 1/2 valid candidates for stencil conversion.
01:00:49 [INFO    ] pokemon_stencil.factory.factory_runner:263 – Stencil pipeline | rank=0 | candidate=0 | score=0.725 | run=gengar_00
01:00:49 [DEBUG   ] pokemon_stencil.image_proc.segmenter:116 – Layer 0 | colour=(255, 255, 255) | pixels=512 (50.0%)
01:00:49 [DEBUG   ] pokemon_stencil.image_proc.segmenter:116 – Layer 1 | colour=(0, 0, 0) | pixels=512 (50.0%)
01:00:49 [INFO    ] pokemon_stencil.image_proc.segmenter:128 – Segmentation produced 2 layer(s).
01:00:49 [INFO    ] pokemon_stencil.factory.factory_runner:436 – 2 colour layer(s) for gengar_00.
01:00:49 [DEBUG   ] pokemon_stencil.stencil.layer_builder:75 – Layer 0: stencil safety applied.
01:00:49 [DEBUG   ] pokemon_stencil.stencil.layer_builder:75 – Layer 1: stencil safety applied.
01:00:49 [WARNING ] pokemon_stencil.vector.tracer:66 – pypotrace not available – using OpenCV contour fallback.
01:00:49 [DEBUG   ] pokemon_stencil.vector.path_builder:61 – Layer 0 traced: 1 path(s) found.
01:00:49 [WARNING ] pokemon_stencil.vector.tracer:66 – pypotrace not available – using OpenCV contour fallback.
01:00:49 [DEBUG   ] pokemon_stencil.vector.path_builder:61 – Layer 1 traced: 1 path(s) found.
01:00:49 [DEBUG   ] pokemon_stencil.stencil.svg_exporter:91 – Wrote layer SVG: /tmp/pytest-of-root/pytest-6/test_pokemon_name_in_result0/gengar_00/svg/img000_layer00.svg
01:00:49 [DEBUG   ] pokemon_stencil.stencil.svg_exporter:91 – Wrote layer SVG: /tmp/pytest-of-root/pytest-6/test_pokemon_name_in_result0/gengar_00/svg/img000_layer01.svg
01:00:49 [DEBUG   ] pokemon_stencil.stencil.svg_exporter:99 – Wrote combined SVG: /tmp/pytest-of-root/pytest-6/test_pokemon_name_in_result0/gengar_00/svg/img000_combined.svg
01:00:49 [INFO    ] pokemon_stencil.factory.factory_runner:228 – FactoryRunner.run | pokemon=Pikachu | count=3 | top_k=1 | workers=1
01:00:49 [INFO    ] pokemon_stencil.image_proc.loader:75 – Found 3 reference image(s) in /tmp/pytest-of-root/pytest-6/test_total_candidates_recorded0/refs
01:00:49 [DEBUG   ] pokemon_stencil.image_proc.loader:138 – Loaded: /tmp/pytest-of-root/pytest-6/test_total_candidates_recorded0/refs/ref_00.png
01:00:49 [DEBUG   ] pokemon_stencil.image_proc.loader:138 – Loaded: /tmp/pytest-of-root/pytest-6/test_total_candidates_recorded0/refs/ref_01.png
01:00:49 [DEBUG   ] pokemon_stencil.image_proc.loader:138 – Loaded: /tmp/pytest-of-root/pytest-6/test_total_candidates_recorded0/refs/ref_02.png
01:00:49 [INFO    ] pokemon_stencil.image_proc.loader:102 – Loaded 3 valid reference image(s).
01:00:49 [DEBUG   ] pokemon_stencil.image_gen.style_transfer:60 – Style transfer complete.
01:00:49 [DEBUG   ] pokemon_stencil.image_proc.simplifier:64 – Simplification complete; output size: (32, 32)
01:00:49 [DEBUG   ] pokemon_stencil.factory.scoring:95 – Score: clarity=0.312 component=1.000 contrast=1.000 → 0.725
01:00:49 [DEBUG   ] pokemon_stencil.factory.factory_runner:306 – Candidate 0 scored 0.725.
01:00:49 [INFO    ] pokemon_stencil.image_proc.loader:75 – Found 3 reference image(s) in /tmp/pytest-of-root/pytest-6/test_total_candidates_recorded0/refs
01:00:49 [DEBUG   ] pokemon_stencil.image_proc.loader:138 – Loaded: /tmp/pytest-of-root/pytest-6/test_total_candidates_recorded0/refs/ref_00.png
01:00:49 [DEBUG   ] pokemon_stencil.image_proc.loader:138 – Loaded: /tmp/pytest-of-root/pytest-6/test_total_candidates_recorded0/refs/ref_01.png
01:00:49 [DEBUG   ] pokemon_stencil.image_proc.loader:138 – Loaded: /tmp/pytest-of-root/pytest-6/test_total_candidates_recorded0/refs/ref_02.png
01:00:49 [INFO    ] pokemon_stencil.image_proc.loader:102 – Loaded 3 valid reference image(s).
01:00:49 [DEBUG   ] pokemon_stencil.image_gen.style_transfer:60 – Style transfer complete.
01:00:49 [DEBUG   ] pokemon_stencil.image_proc.simplifier:64 – Simplification complete; output size: (32, 32)
01:00:49 [DEBUG   ] pokemon_stencil.factory.scoring:95 – Score: clarity=0.312 component=1.000 contrast=1.000 → 0.725
01:00:49 [DEBUG   ] pokemon_stencil.factory.factory_runner:306 – Candidate 1 scored 0.725.
01:00:49 [INFO    ] pokemon_stencil.image_proc.loader:75 – Found 3 reference image(s) in /tmp/pytest-of-root/pytest-6/test_total_candidates_recorded0/refs
01:00:49 [DEBUG   ] pokemon_stencil.image_proc.loader:138 – Loaded: /tmp/pytest-of-root/pytest-6/test_total_candidates_recorded0/refs/ref_00.png
01:00:49 [DEBUG   ] pokemon_stencil.image_proc.loader:138 – Loaded: /tmp/pytest-of-root/pytest-6/test_total_candidates_recorded0/refs/ref_01.png
01:00:49 [DEBUG   ] pokemon_stencil.image_proc.loader:138 – Loaded: /tmp/pytest-of-root/pytest-6/test_total_candidates_recorded0/refs/ref_02.png
01:00:49 [INFO    ] pokemon_stencil.image_proc.loader:102 – Loaded 3 valid reference image(s).
01:00:49 [DEBUG   ] pokemon_stencil.image_gen.style_transfer:60 – Style transfer complete.
01:00:49 [DEBUG   ] pokemon_stencil.image_proc.simplifier:64 – Simplification complete; output size: (32, 32)
01:00:49 [DEBUG   ] pokemon_stencil.factory.scoring:95 – Score: clarity=0.312 component=1.000 contrast=1.000 → 0.725
01:00:49 [DEBUG   ] pokemon_stencil.factory.factory_runner:306 – Candidate 2 scored 0.725.
01:00:49 [INFO    ] pokemon_stencil.factory.factory_runner:247 – Selected 1/3 valid candidates for stencil conversion.
01:00:49 [INFO    ] pokemon_stencil.factory.factory_runner:263 – Stencil pipeline | rank=0 | candidate=0 | score=0.725 | run=pikachu_00
01:00:49 [DEBUG   ] pokemon_stencil.image_proc.segmenter:116 – Layer 0 | colour=(255, 255, 255) | pixels=512 (50.0%)
01:00:49 [DEBUG   ] pokemon_stencil.image_proc.segmenter:116 – Layer 1 | colour=(0, 0, 0) | pixels=512 (50.0%)
01:00:49 [INFO    ] pokemon_stencil.image_proc.segmenter:128 – Segmentation produced 2 layer(s).
01:00:49 [INFO    ] pokemon_stencil.factory.factory_runner:436 – 2 colour layer(s) for pikachu_00.
01:00:49 [DEBUG   ] pokemon_stencil.stencil.layer_builder:75 – Layer 0: stencil safety applied.
01:00:49 [DEBUG   ] pokemon_stencil.stencil.layer_builder:75 – Layer 1: stencil safety applied.
01:00:49 [WARNING ] pokemon_stencil.vector.tracer:66 – pypotrace not available – using OpenCV contour fallback.
01:00:49 [DEBUG   ] pokemon_stencil.vector.path_builder:61 – Layer 0 traced: 1 path(s) found.
01:00:49 [WARNING ] pokemon_stencil.vector.tracer:66 – pypotrace not available – using OpenCV contour fallback.
01:00:49 [DEBUG   ] pokemon_stencil.vector.path_builder:61 – Layer 1 traced: 1 path(s) found.
01:00:49 [DEBUG   ] pokemon_stencil.stencil.svg_exporter:91 – Wrote layer SVG: /tmp/pytest-of-root/pytest-6/test_total_candidates_recorded0/pikachu_00/svg/img000_layer00.svg
01:00:49 [DEBUG   ] pokemon_stencil.stencil.svg_exporter:91 – Wrote layer SVG: /tmp/pytest-of-root/pytest-6/test_total_candidates_recorded0/pikachu_00/svg/img000_layer01.svg
01:00:49 [DEBUG   ] pokemon_stencil.stencil.svg_exporter:99 – Wrote combined SVG: /tmp/pytest-of-root/pytest-6/test_total_candidates_recorded0/pikachu_00/svg/img000_combined.svg
01:00:49 [INFO    ] pokemon_stencil.factory.factory_runner:228 – FactoryRunner.run | pokemon=Pikachu | count=3 | top_k=2 | workers=1
01:00:49 [INFO    ] pokemon_stencil.image_proc.loader:75 – Found 3 reference image(s) in /tmp/pytest-of-root/pytest-6/test_top_k_recorded0/refs
01:00:49 [DEBUG   ] pokemon_stencil.image_proc.loader:138 – Loaded: /tmp/pytest-of-root/pytest-6/test_top_k_recorded0/refs/ref_00.png
01:00:49 [DEBUG   ] pokemon_stencil.image_proc.loader:138 – Loaded: /tmp/pytest-of-root/pytest-6/test_top_k_recorded0/refs/ref_01.png
01:00:49 [DEBUG   ] pokemon_stencil.image_proc.loader:138 – Loaded: /tmp/pytest-of-root/pytest-6/test_top_k_recorded0/refs/ref_02.png
01:00:49 [INFO    ] pokemon_stencil.image_proc.loader:102 – Loaded 3 valid reference image(s).
01:00:49 [DEBUG   ] pokemon_stencil.image_gen.style_transfer:60 – Style transfer complete.
01:00:49 [DEBUG   ] pokemon_stencil.image_proc.simplifier:64 – Simplification complete; output size: (32, 32)
01:00:49 [DEBUG   ] pokemon_stencil.factory.scoring:95 – Score: clarity=0.312 component=1.000 contrast=1.000 → 0.725
01:00:49 [DEBUG   ] pokemon_stencil.factory.factory_runner:306 – Candidate 0 scored 0.725.
01:00:49 [INFO    ] pokemon_stencil.image_proc.loader:75 – Found 3 reference image(s) in /tmp/pytest-of-root/pytest-6/test_top_k_recorded0/refs
01:00:49 [DEBUG   ] pokemon_stencil.image_proc.loader:138 – Loaded: /tmp/pytest-of-root/pytest-6/test_top_k_recorded0/refs/ref_00.png
01:00:49 [DEBUG   ] pokemon_stencil.image_proc.loader:138 – Loaded: /tmp/pytest-of-root/pytest-6/test_top_k_recorded0/refs/ref_01.png
01:00:49 [DEBUG   ] pokemon_stencil.image_proc.loader:138 – Loaded: /tmp/pytest-of-root/pytest-6/test_top_k_recorded0/refs/ref_02.png
01:00:49 [INFO    ] pokemon_stencil.image_proc.loader:102 – Loaded 3 valid reference image(s).
01:00:49 [DEBUG   ] pokemon_stencil.image_gen.style_transfer:60 – Style transfer complete.
01:00:49 [DEBUG   ] pokemon_stencil.image_proc.simplifier:64 – Simplification complete; output size: (32, 32)
01:00:49 [DEBUG   ] pokemon_stencil.factory.scoring:95 – Score: clarity=0.312 component=1.000 contrast=1.000 → 0.725
01:00:49 [DEBUG   ] pokemon_stencil.factory.factory_runner:306 – Candidate 1 scored 0.725.
01:00:49 [INFO    ] pokemon_stencil.image_proc.loader:75 – Found 3 reference image(s) in /tmp/pytest-of-root/pytest-6/test_top_k_recorded0/refs
01:00:49 [DEBUG   ] pokemon_stencil.image_proc.loader:138 – Loaded: /tmp/pytest-of-root/pytest-6/test_top_k_recorded0/refs/ref_00.png
01:00:49 [DEBUG   ] pokemon_stencil.image_proc.loader:138 – Loaded: /tmp/pytest-of-root/pytest-6/test_top_k_recorded0/refs/ref_01.png
01:00:49 [DEBUG   ] pokemon_stencil.image_proc.loader:138 – Loaded: /tmp/pytest-of-root/pytest-6/test_top_k_recorded0/refs/ref_02.png
01:00:49 [INFO    ] pokemon_stencil.image_proc.loader:102 – Loaded 3 valid reference image(s).
01:00:49 [DEBUG   ] pokemon_stencil.image_gen.style_transfer:60 – Style transfer complete.
01:00:49 [DEBUG   ] pokemon_stencil.image_proc.simplifier:64 – Simplification complete; output size: (32, 32)
01:00:49 [DEBUG   ] pokemon_stencil.factory.scoring:95 – Score: clarity=0.312 component=1.000 contrast=1.000 → 0.725
01:00:49 [DEBUG   ] pokemon_stencil.factory.factory_runner:306 – Candidate 2 scored 0.725.
01:00:49 [INFO    ] pokemon_stencil.factory.factory_runner:247 – Selected 2/3 valid candidates for stencil conversion.
01:00:49 [INFO    ] pokemon_stencil.factory.factory_runner:263 – Stencil pipeline | rank=0 | candidate=0 | score=0.725 | run=pikachu_00
01:00:49 [DEBUG   ] pokemon_stencil.image_proc.segmenter:116 – Layer 0 | colour=(255, 255, 255) | pixels=512 (50.0%)
01:00:49 [DEBUG   ] pokemon_stencil.image_proc.segmenter:116 – Layer 1 | colour=(0, 0, 0) | pixels=512 (50.0%)
01:00:49 [INFO    ] pokemon_stencil.image_proc.segmenter:128 – Segmentation produced 2 layer(s).
01:00:49 [INFO    ] pokemon_stencil.factory.factory_runner:436 – 2 colour layer(s) for pikachu_00.
01:00:49 [DEBUG   ] pokemon_stencil.stencil.layer_builder:75 – Layer 0: stencil safety applied.
01:00:49 [DEBUG   ] pokemon_stencil.stencil.layer_builder:75 – Layer 1: stencil safety applied.
01:00:49 [WARNING ] pokemon_stencil.vector.tracer:66 – pypotrace not available – using OpenCV contour fallback.
01:00:49 [DEBUG   ] pokemon_stencil.vector.path_builder:61 – Layer 0 traced: 1 path(s) found.
01:00:49 [WARNING ] pokemon_stencil.vector.tracer:66 – pypotrace not available – using OpenCV contour fallback.
01:00:49 [DEBUG   ] pokemon_stencil.vector.path_builder:61 – Layer 1 traced: 1 path(s) found.
01:00:49 [DEBUG   ] pokemon_stencil.stencil.svg_exporter:91 – Wrote layer SVG: /tmp/pytest-of-root/pytest-6/test_top_k_recorded0/pikachu_00/svg/img000_layer00.svg
01:00:49 [DEBUG   ] pokemon_stencil.stencil.svg_exporter:91 – Wrote layer SVG: /tmp/pytest-of-root/pytest-6/test_top_k_recorded0/pikachu_00/svg/img000_layer01.svg
01:00:49 [DEBUG   ] pokemon_stencil.stencil.svg_exporter:99 – Wrote combined SVG: /tmp/pytest-of-root/pytest-6/test_top_k_recorded0/pikachu_00/svg/img000_combined.svg
01:00:49 [INFO    ] pokemon_stencil.factory.factory_runner:263 – Stencil pipeline | rank=1 | candidate=1 | score=0.725 | run=pikachu_01
01:00:49 [DEBUG   ] pokemon_stencil.image_proc.segmenter:116 – Layer 0 | colour=(255, 255, 255) | pixels=512 (50.0%)
01:00:49 [DEBUG   ] pokemon_stencil.image_proc.segmenter:116 – Layer 1 | colour=(0, 0, 0) | pixels=512 (50.0%)
01:00:49 [INFO    ] pokemon_stencil.image_proc.segmenter:128 – Segmentation produced 2 layer(s).
01:00:49 [INFO    ] pokemon_stencil.factory.factory_runner:436 – 2 colour layer(s) for pikachu_01.
01:00:49 [DEBUG   ] pokemon_stencil.stencil.layer_builder:75 – Layer 0: stencil safety applied.
01:00:49 [DEBUG   ] pokemon_stencil.stencil.layer_builder:75 – Layer 1: stencil safety applied.
01:00:49 [WARNING ] pokemon_stencil.vector.tracer:66 – pypotrace not available – using OpenCV contour fallback.
01:00:49 [DEBUG   ] pokemon_stencil.vector.path_builder:61 – Layer 0 traced: 1 path(s) found.
01:00:49 [WARNING ] pokemon_stencil.vector.tracer:66 – pypotrace not available – using OpenCV contour fallback.
01:00:49 [DEBUG   ] pokemon_stencil.vector.path_builder:61 – Layer 1 traced: 1 path(s) found.
01:00:49 [DEBUG   ] pokemon_stencil.stencil.svg_exporter:91 – Wrote layer SVG: /tmp/pytest-of-root/pytest-6/test_top_k_recorded0/pikachu_01/svg/img000_layer00.svg
01:00:49 [DEBUG   ] pokemon_stencil.stencil.svg_exporter:91 – Wrote layer SVG: /tmp/pytest-of-root/pytest-6/test_top_k_recorded0/pikachu_01/svg/img000_layer01.svg
01:00:49 [DEBUG   ] pokemon_stencil.stencil.svg_exporter:99 – Wrote combined SVG: /tmp/pytest-of-root/pytest-6/test_top_k_recorded0/pikachu_01/svg/img000_combined.svg
01:00:49 [INFO    ] pokemon_stencil.factory.factory_runner:228 – FactoryRunner.run | pokemon=Pikachu | count=3 | top_k=2 | workers=1
01:00:49 [INFO    ] pokemon_stencil.image_proc.loader:75 – Found 3 reference image(s) in /tmp/pytest-of-root/pytest-6/test_at_most_top_k_pipeline_re0/refs
01:00:49 [DEBUG   ] pokemon_stencil.image_proc.loader:138 – Loaded: /tmp/pytest-of-root/pytest-6/test_at_most_top_k_pipeline_re0/refs/ref_00.png
01:00:49 [DEBUG   ] pokemon_stencil.image_proc.loader:138 – Loaded: /tmp/pytest-of-root/pytest-6/test_at_most_top_k_pipeline_re0/refs/ref_01.png
01:00:49 [DEBUG   ] pokemon_stencil.image_proc.loader:138 – Loaded: /tmp/pytest-of-root/pytest-6/test_at_most_top_k_pipeline_re0/refs/ref_02.png
01:00:49 [INFO    ] pokemon_stencil.image_proc.loader:102 – Loaded 3 valid reference image(s).
01:00:49 [DEBUG   ] pokemon_stencil.image_gen.style_transfer:60 – Style transfer complete.
01:00:49 [DEBUG   ] pokemon_stencil.image_proc.simplifier:64 – Simplification complete; output size: (32, 32)
01:00:49 [DEBUG   ] pokemon_stencil.factory.scoring:95 – Score: clarity=0.312 component=1.000 contrast=1.000 → 0.725
01:00:49 [DEBUG   ] pokemon_stencil.factory.factory_runner:306 – Candidate 0 scored 0.725.
01:00:49 [INFO    ] pokemon_stencil.image_proc.loader:75 – Found 3 reference image(s) in /tmp/pytest-of-root/pytest-6/test_at_most_top_k_pipeline_re0/refs
01:00:49 [DEBUG   ] pokemon_stencil.image_proc.loader:138 – Loaded: /tmp/pytest-of-root/pytest-6/test_at_most_top_k_pipeline_re0/refs/ref_00.png
01:00:49 [DEBUG   ] pokemon_stencil.image_proc.loader:138 – Loaded: /tmp/pytest-of-root/pytest-6/test_at_most_top_k_pipeline_re0/refs/ref_01.png
01:00:49 [DEBUG   ] pokemon_stencil.image_proc.loader:138 – Loaded: /tmp/pytest-of-root/pytest-6/test_at_most_top_k_pipeline_re0/refs/ref_02.png
01:00:49 [INFO    ] pokemon_stencil.image_proc.loader:102 – Loaded 3 valid reference image(s).
01:00:49 [DEBUG   ] pokemon_stencil.image_gen.style_transfer:60 – Style transfer complete.
01:00:49 [DEBUG   ] pokemon_stencil.image_proc.simplifier:64 – Simplification complete; output size: (32, 32)
01:00:49 [DEBUG   ] pokemon_stencil.factory.scoring:95 – Score: clarity=0.312 component=1.000 contrast=1.000 → 0.725
01:00:49 [DEBUG   ] pokemon_stencil.factory.factory_runner:306 – Candidate 1 scored 0.725.
01:00:49 [INFO    ] pokemon_stencil.image_proc.loader:75 – Found 3 reference image(s) in /tmp/pytest-of-root/pytest-6/test_at_most_top_k_pipeline_re0/refs
01:00:49 [DEBUG   ] pokemon_stencil.image_proc.loader:138 – Loaded: /tmp/pytest-of-root/pytest-6/test_at_most_top_k_pipeline_re0/refs/ref_00.png
01:00:49 [DEBUG   ] pokemon_stencil.image_proc.loader:138 – Loaded: /tmp/pytest-of-root/pytest-6/test_at_most_top_k_pipeline_re0/refs/ref_01.png
01:00:49 [DEBUG   ] pokemon_stencil.image_proc.loader:138 – Loaded: /tmp/pytest-of-root/pytest-6/test_at_most_top_k_pipeline_re0/refs/ref_02.png
01:00:49 [INFO    ] pokemon_stencil.image_proc.loader:102 – Loaded 3 valid reference image(s).
01:00:49 [DEBUG   ] pokemon_stencil.image_gen.style_transfer:60 – Style transfer complete.
01:00:49 [DEBUG   ] pokemon_stencil.image_proc.simplifier:64 – Simplification complete; output size: (32, 32)
01:00:49 [DEBUG   ] pokemon_stencil.factory.scoring:95 – Score: clarity=0.312 component=1.000 contrast=1.000 → 0.725
01:00:49 [DEBUG   ] pokemon_stencil.factory.factory_runner:306 – Candidate 2 scored 0.725.
01:00:49 [INFO    ] pokemon_stencil.factory.factory_runner:247 – Selected 2/3 valid candidates for stencil conversion.
01:00:49 [INFO    ] pokemon_stencil.factory.factory_runner:263 – Stencil pipeline | rank=0 | candidate=0 | score=0.725 | run=pikachu_00
01:00:49 [DEBUG   ] pokemon_stencil.image_proc.segmenter:116 – Layer 0 | colour=(255, 255, 255) | pixels=512 (50.0%)
01:00:49 [DEBUG   ] pokemon_stencil.image_proc.segmenter:116 – Layer 1 | colour=(0, 0, 0) | pixels=512 (50.0%)
01:00:49 [INFO    ] pokemon_stencil.image_proc.segmenter:128 – Segmentation produced 2 layer(s).
01:00:49 [INFO    ] pokemon_stencil.factory.factory_runner:436 – 2 colour layer(s) for pikachu_00.
01:00:49 [DEBUG   ] pokemon_stencil.stencil.layer_builder:75 – Layer 0: stencil safety applied.
01:00:49 [DEBUG   ] pokemon_stencil.stencil.layer_builder:75 – Layer 1: stencil safety applied.
01:00:49 [WARNING ] pokemon_stencil.vector.tracer:66 – pypotrace not available – using OpenCV contour fallback.
01:00:49 [DEBUG   ] pokemon_stencil.vector.path_builder:61 – Layer 0 traced: 1 path(s) found.
01:00:49 [WARNING ] pokemon_stencil.vector.tracer:66 – pypotrace not available – using OpenCV contour fallback.
01:00:49 [DEBUG   ] pokemon_stencil.vector.path_builder:61 – Layer 1 traced: 1 path(s) found.
01:00:49 [DEBUG   ] pokemon_stencil.stencil.svg_exporter:91 – Wrote layer SVG: /tmp/pytest-of-root/pytest-6/test_at_most_top_k_pipeline_re0/pikachu_00/svg/img000_layer00.svg
01:00:49 [DEBUG   ] pokemon_stencil.stencil.svg_exporter:91 – Wrote layer SVG: /tmp/pytest-of-root/pytest-6/test_at_most_top_k_pipeline_re0/pikachu_00/svg/img000_layer01.svg
01:00:49 [DEBUG   ] pokemon_stencil.stencil.svg_exporter:99 – Wrote combined SVG: /tmp/pytest-of-root/pytest-6/test_at_most_top_k_pipeline_re0/pikachu_00/svg/img000_combined.svg
01:00:49 [INFO    ] pokemon_stencil.factory.factory_runner:263 – Stencil pipeline | rank=1 | candidate=1 | score=0.725 | run=pikachu_01
01:00:49 [DEBUG   ] pokemon_stencil.image_proc.segmenter:116 – Layer 0 | colour=(255, 255, 255) | pixels=512 (50.0%)
01:00:49 [DEBUG   ] pokemon_stencil.image_proc.segmenter:116 – Layer 1 | colour=(0, 0, 0) | pixels=512 (50.0%)
01:00:49 [INFO    ] pokemon_stencil.image_proc.segmenter:128 – Segmentation produced 2 layer(s).
01:00:49 [INFO    ] pokemon_stencil.factory.factory_runner:436 – 2 colour layer(s) for pikachu_01.
01:00:49 [DEBUG   ] pokemon_stencil.stencil.layer_builder:75 – Layer 0: stencil safety applied.
01:00:49 [DEBUG   ] pokemon_stencil.stencil.layer_builder:75 – Layer 1: stencil safety applied.
01:00:49 [WARNING ] pokemon_stencil.vector.tracer:66 – pypotrace not available – using OpenCV contour fallback.
01:00:49 [DEBUG   ] pokemon_stencil.vector.path_builder:61 – Layer 0 traced: 1 path(s) found.
01:00:49 [WARNING ] pokemon_stencil.vector.tracer:66 – pypotrace not available – using OpenCV contour fallback.
01:00:49 [DEBUG   ] pokemon_stencil.vector.path_builder:61 – Layer 1 traced: 1 path(s) found.
01:00:49 [DEBUG   ] pokemon_stencil.stencil.svg_exporter:91 – Wrote layer SVG: /tmp/pytest-of-root/pytest-6/test_at_most_top_k_pipeline_re0/pikachu_01/svg/img000_layer00.svg
01:00:49 [DEBUG   ] pokemon_stencil.stencil.svg_exporter:91 – Wrote layer SVG: /tmp/pytest-of-root/pytest-6/test_at_most_top_k_pipeline_re0/pikachu_01/svg/img000_layer01.svg
01:00:49 [DEBUG   ] pokemon_stencil.stencil.svg_exporter:99 – Wrote combined SVG: /tmp/pytest-of-root/pytest-6/test_at_most_top_k_pipeline_re0/pikachu_01/svg/img000_combined.svg
01:00:49 [INFO    ] pokemon_stencil.factory.factory_runner:228 – FactoryRunner.run | pokemon=Pikachu | count=3 | top_k=2 | workers=1
01:00:49 [INFO    ] pokemon_stencil.image_proc.loader:75 – Found 3 reference image(s) in /tmp/pytest-of-root/pytest-6/test_ranked_length_matches_suc0/refs
01:00:49 [DEBUG   ] pokemon_stencil.image_proc.loader:138 – Loaded: /tmp/pytest-of-root/pytest-6/test_ranked_length_matches_suc0/refs/ref_00.png
01:00:49 [DEBUG   ] pokemon_stencil.image_proc.loader:138 – Loaded: /tmp/pytest-of-root/pytest-6/test_ranked_length_matches_suc0/refs/ref_01.png
01:00:49 [DEBUG   ] pokemon_stencil.image_proc.loader:138 – Loaded: /tmp/pytest-of-root/pytest-6/test_ranked_length_matches_suc0/refs/ref_02.png
01:00:49 [INFO    ] pokemon_stencil.image_proc.loader:102 – Loaded 3 valid reference image(s).
01:00:49 [DEBUG   ] pokemon_stencil.image_gen.style_transfer:60 – Style transfer complete.
01:00:49 [DEBUG   ] pokemon_stencil.image_proc.simplifier:64 – Simplification complete; output size: (32, 32)
01:00:49 [DEBUG   ] pokemon_stencil.factory.scoring:95 – Score: clarity=0.312 component=1.000 contrast=1.000 → 0.725
01:00:49 [DEBUG   ] pokemon_stencil.factory.factory_runner:306 – Candidate 0 scored 0.725.
01:00:49 [INFO    ] pokemon_stencil.image_proc.loader:75 – Found 3 reference image(s) in /tmp/pytest-of-root/pytest-6/test_ranked_length_matches_suc0/refs
01:00:49 [DEBUG   ] pokemon_stencil.image_proc.loader:138 – Loaded: /tmp/pytest-of-root/pytest-6/test_ranked_length_matches_suc0/refs/ref_00.png
01:00:49 [DEBUG   ] pokemon_stencil.image_proc.loader:138 – Loaded: /tmp/pytest-of-root/pytest-6/test_ranked_length_matches_suc0/refs/ref_01.png
01:00:49 [DEBUG   ] pokemon_stencil.image_proc.loader:138 – Loaded: /tmp/pytest-of-root/pytest-6/test_ranked_length_matches_suc0/refs/ref_02.png
01:00:49 [INFO    ] pokemon_stencil.image_proc.loader:102 – Loaded 3 valid reference image(s).
01:00:49 [DEBUG   ] pokemon_stencil.image_gen.style_transfer:60 – Style transfer complete.
01:00:49 [DEBUG   ] pokemon_stencil.image_proc.simplifier:64 – Simplification complete; output size: (32, 32)
01:00:49 [DEBUG   ] pokemon_stencil.factory.scoring:95 – Score: clarity=0.312 component=1.000 contrast=1.000 → 0.725
01:00:49 [DEBUG   ] pokemon_stencil.factory.factory_runner:306 – Candidate 1 scored 0.725.
01:00:49 [INFO    ] pokemon_stencil.image_proc.loader:75 – Found 3 reference image(s) in /tmp/pytest-of-root/pytest-6/test_ranked_length_matches_suc0/refs
01:00:49 [DEBUG   ] pokemon_stencil.image_proc.loader:138 – Loaded: /tmp/pytest-of-root/pytest-6/test_ranked_length_matches_suc0/refs/ref_00.png
01:00:49 [DEBUG   ] pokemon_stencil.image_proc.loader:138 – Loaded: /tmp/pytest-of-root/pytest-6/test_ranked_length_matches_suc0/refs/ref_01.png
01:00:49 [DEBUG   ] pokemon_stencil.image_proc.loader:138 – Loaded: /tmp/pytest-of-root/pytest-6/test_ranked_length_matches_suc0/refs/ref_02.png
01:00:49 [INFO    ] pokemon_stencil.image_proc.loader:102 – Loaded 3 valid reference image(s).
01:00:49 [DEBUG   ] pokemon_stencil.image_gen.style_transfer:60 – Style transfer complete.
01:00:49 [DEBUG   ] pokemon_stencil.image_proc.simplifier:64 – Simplification complete; output size: (32, 32)
01:00:49 [DEBUG   ] pokemon_stencil.factory.scoring:95 – Score: clarity=0.312 component=1.000 contrast=1.000 → 0.725
01:00:49 [DEBUG   ] pokemon_stencil.factory.factory_runner:306 – Candidate 2 scored 0.725.
01:00:49 [INFO    ] pokemon_stencil.factory.factory_runner:247 – Selected 2/3 valid candidates for stencil conversion.
01:00:49 [INFO    ] pokemon_stencil.factory.factory_runner:263 – Stencil pipeline | rank=0 | candidate=0 | score=0.725 | run=pikachu_00
01:00:49 [DEBUG   ] pokemon_stencil.image_proc.segmenter:116 – Layer 0 | colour=(255, 255, 255) | pixels=512 (50.0%)
01:00:49 [DEBUG   ] pokemon_stencil.image_proc.segmenter:116 – Layer 1 | colour=(0, 0, 0) | pixels=512 (50.0%)
01:00:49 [INFO    ] pokemon_stencil.image_proc.segmenter:128 – Segmentation produced 2 layer(s).
01:00:49 [INFO    ] pokemon_stencil.factory.factory_runner:436 – 2 colour layer(s) for pikachu_00.
01:00:49 [DEBUG   ] pokemon_stencil.stencil.layer_builder:75 – Layer 0: stencil safety applied.
01:00:49 [DEBUG   ] pokemon_stencil.stencil.layer_builder:75 – Layer 1: stencil safety applied.
01:00:49 [WARNING ] pokemon_stencil.vector.tracer:66 – pypotrace not available – using OpenCV contour fallback.
01:00:49 [DEBUG   ] pokemon_stencil.vector.path_builder:61 – Layer 0 traced: 1 path(s) found.
01:00:49 [WARNING ] pokemon_stencil.vector.tracer:66 – pypotrace not available – using OpenCV contour fallback.
01:00:49 [DEBUG   ] pokemon_stencil.vector.path_builder:61 – Layer 1 traced: 1 path(s) found.
01:00:49 [DEBUG   ] pokemon_stencil.stencil.svg_exporter:91 – Wrote layer SVG: /tmp/pytest-of-root/pytest-6/test_ranked_length_matches_suc0/pikachu_00/svg/img000_layer00.svg
01:00:49 [DEBUG   ] pokemon_stencil.stencil.svg_exporter:91 – Wrote layer SVG: /tmp/pytest-of-root/pytest-6/test_ranked_length_matches_suc0/pikachu_00/svg/img000_layer01.svg
01:00:49 [DEBUG   ] pokemon_stencil.stencil.svg_exporter:99 – Wrote combined SVG: /tmp/pytest-of-root/pytest-6/test_ranked_length_matches_suc0/pikachu_00/svg/img000_combined.svg
01:00:49 [INFO    ] pokemon_stencil.factory.factory_runner:263 – Stencil pipeline | rank=1 | candidate=1 | score=0.725 | run=pikachu_01
01:00:49 [DEBUG   ] pokemon_stencil.image_proc.segmenter:116 – Layer 0 | colour=(255, 255, 255) | pixels=512 (50.0%)
01:00:49 [DEBUG   ] pokemon_stencil.image_proc.segmenter:116 – Layer 1 | colour=(0, 0, 0) | pixels=512 (50.0%)
01:00:49 [INFO    ] pokemon_stencil.image_proc.segmenter:128 – Segmentation produced 2 layer(s).
01:00:49 [INFO    ] pokemon_stencil.factory.factory_runner:436 – 2 colour layer(s) for pikachu_01.
01:00:49 [DEBUG   ] pokemon_stencil.stencil.layer_builder:75 – Layer 0: stencil safety applied.
01:00:49 [DEBUG   ] pokemon_stencil.stencil.layer_builder:75 – Layer 1: stencil safety applied.
01:00:49 [WARNING ] pokemon_stencil.vector.tracer:66 – pypotrace not available – using OpenCV contour fallback.
01:00:49 [DEBUG   ] pokemon_stencil.vector.path_builder:61 – Layer 0 traced: 1 path(s) found.
01:00:49 [WARNING ] pokemon_stencil.vector.tracer:66 – pypotrace not available – using OpenCV contour fallback.
01:00:49 [DEBUG   ] pokemon_stencil.vector.path_builder:61 – Layer 1 traced: 1 path(s) found.
01:00:49 [DEBUG   ] pokemon_stencil.stencil.svg_exporter:91 – Wrote layer SVG: /tmp/pytest-of-root/pytest-6/test_ranked_length_matches_suc0/pikachu_01/svg/img000_layer00.svg
01:00:49 [DEBUG   ] pokemon_stencil.stencil.svg_exporter:91 – Wrote layer SVG: /tmp/pytest-of-root/pytest-6/test_ranked_length_matches_suc0/pikachu_01/svg/img000_layer01.svg
01:00:49 [DEBUG   ] pokemon_stencil.stencil.svg_exporter:99 – Wrote combined SVG: /tmp/pytest-of-root/pytest-6/test_ranked_length_matches_suc0/pikachu_01/svg/img000_combined.svg
01:00:49 [INFO    ] pokemon_stencil.factory.factory_runner:228 – FactoryRunner.run | pokemon=Pikachu | count=3 | top_k=3 | workers=1
01:00:49 [INFO    ] pokemon_stencil.image_proc.loader:75 – Found 3 reference image(s) in /tmp/pytest-of-root/pytest-6/test_ranked_sorted_descending0/refs
01:00:49 [DEBUG   ] pokemon_stencil.image_proc.loader:138 – Loaded: /tmp/pytest-of-root/pytest-6/test_ranked_sorted_descending0/refs/ref_00.png
01:00:49 [DEBUG   ] pokemon_stencil.image_proc.loader:138 – Loaded: /tmp/pytest-of-root/pytest-6/test_ranked_sorted_descending0/refs/ref_01.png
01:00:49 [DEBUG   ] pokemon_stencil.image_proc.loader:138 – Loaded: /tmp/pytest-of-root/pytest-6/test_ranked_sorted_descending0/refs/ref_02.png
01:00:49 [INFO    ] pokemon_stencil.image_proc.loader:102 – Loaded 3 valid reference image(s).
01:00:49 [DEBUG   ] pokemon_stencil.image_gen.style_transfer:60 – Style transfer complete.
01:00:49 [DEBUG   ] pokemon_stencil.image_proc.simplifier:64 – Simplification complete; output size: (32, 32)
01:00:49 [DEBUG   ] pokemon_stencil.factory.scoring:95 – Score: clarity=0.312 component=1.000 contrast=1.000 → 0.725
01:00:49 [DEBUG   ] pokemon_stencil.factory.factory_runner:306 – Candidate 0 scored 0.725.
01:00:49 [INFO    ] pokemon_stencil.image_proc.loader:75 – Found 3 reference image(s) in /tmp/pytest-of-root/pytest-6/test_ranked_sorted_descending0/refs
01:00:49 [DEBUG   ] pokemon_stencil.image_proc.loader:138 – Loaded: /tmp/pytest-of-root/pytest-6/test_ranked_sorted_descending0/refs/ref_00.png
01:00:49 [DEBUG   ] pokemon_stencil.image_proc.loader:138 – Loaded: /tmp/pytest-of-root/pytest-6/test_ranked_sorted_descending0/refs/ref_01.png
01:00:49 [DEBUG   ] pokemon_stencil.image_proc.loader:138 – Loaded: /tmp/pytest-of-root/pytest-6/test_ranked_sorted_descending0/refs/ref_02.png
01:00:49 [INFO    ] pokemon_stencil.image_proc.loader:102 – Loaded 3 valid reference image(s).
01:00:49 [DEBUG   ] pokemon_stencil.image_gen.style_transfer:60 – Style transfer complete.
01:00:49 [DEBUG   ] pokemon_stencil.image_proc.simplifier:64 – Simplification complete; output size: (32, 32)
01:00:49 [DEBUG   ] pokemon_stencil.factory.scoring:95 – Score: clarity=0.312 component=1.000 contrast=1.000 → 0.725
01:00:49 [DEBUG   ] pokemon_stencil.factory.factory_runner:306 – Candidate 1 scored 0.725.
01:00:49 [INFO    ] pokemon_stencil.image_proc.loader:75 – Found 3 reference image(s) in /tmp/pytest-of-root/pytest-6/test_ranked_sorted_descending0/refs
01:00:49 [DEBUG   ] pokemon_stencil.image_proc.loader:138 – Loaded: /tmp/pytest-of-root/pytest-6/test_ranked_sorted_descending0/refs/ref_00.png
01:00:49 [DEBUG   ] pokemon_stencil.image_proc.loader:138 – Loaded: /tmp/pytest-of-root/pytest-6/test_ranked_sorted_descending0/refs/ref_01.png
01:00:49 [DEBUG   ] pokemon_stencil.image_proc.loader:138 – Loaded: /tmp/pytest-of-root/pytest-6/test_ranked_sorted_descending0/refs/ref_02.png
01:00:49 [INFO    ] pokemon_stencil.image_proc.loader:102 – Loaded 3 valid reference image(s).
01:00:49 [DEBUG   ] pokemon_stencil.image_gen.style_transfer:60 – Style transfer complete.
01:00:49 [DEBUG   ] pokemon_stencil.image_proc.simplifier:64 – Simplification complete; output size: (32, 32)
01:00:49 [DEBUG   ] pokemon_stencil.factory.scoring:95 – Score: clarity=0.312 component=1.000 contrast=1.000 → 0.725
01:00:49 [DEBUG   ] pokemon_stencil.factory.factory_runner:306 – Candidate 2 scored 0.725.
01:00:49 [INFO    ] pokemon_stencil.factory.factory_runner:247 – Selected 3/3 valid candidates for stencil conversion.
01:00:49 [INFO    ] pokemon_stencil.factory.factory_runner:263 – Stencil pipeline | rank=0 | candidate=0 | score=0.725 | run=pikachu_00
01:00:49 [DEBUG   ] pokemon_stencil.image_proc.segmenter:116 – Layer 0 | colour=(255, 255, 255) | pixels=512 (50.0%)
01:00:49 [DEBUG   ] pokemon_stencil.image_proc.segmenter:116 – Layer 1 | colour=(0, 0, 0) | pixels=512 (50.0%)
01:00:49 [INFO    ] pokemon_stencil.image_proc.segmenter:128 – Segmentation produced 2 layer(s).
01:00:49 [INFO    ] pokemon_stencil.factory.factory_runner:436 – 2 colour layer(s) for pikachu_00.
01:00:49 [DEBUG   ] pokemon_stencil.stencil.layer_builder:75 – Layer 0: stencil safety applied.
01:00:49 [DEBUG   ] pokemon_stencil.stencil.layer_builder:75 – Layer 1: stencil safety applied.
01:00:49 [WARNING ] pokemon_stencil.vector.tracer:66 – pypotrace not available – using OpenCV contour fallback.
01:00:49 [DEBUG   ] pokemon_stencil.vector.path_builder:61 – Layer 0 traced: 1 path(s) found.
01:00:49 [WARNING ] pokemon_stencil.vector.tracer:66 – pypotrace not available – using OpenCV contour fallback.
01:00:49 [DEBUG   ] pokemon_stencil.vector.path_builder:61 – Layer 1 traced: 1 path(s) found.
01:00:49 [DEBUG   ] pokemon_stencil.stencil.svg_exporter:91 – Wrote layer SVG: /tmp/pytest-of-root/pytest-6/test_ranked_sorted_descending0/pikachu_00/svg/img000_layer00.svg
01:00:49 [DEBUG   ] pokemon_stencil.stencil.svg_exporter:91 – Wrote layer SVG: /tmp/pytest-of-root/pytest-6/test_ranked_sorted_descending0/pikachu_00/svg/img000_layer01.svg
01:00:49 [DEBUG   ] pokemon_stencil.stencil.svg_exporter:99 – Wrote combined SVG: /tmp/pytest-of-root/pytest-6/test_ranked_sorted_descending0/pikachu_00/svg/img000_combined.svg
01:00:49 [INFO    ] pokemon_stencil.factory.factory_runner:263 – Stencil pipeline | rank=1 | candidate=1 | score=0.725 | run=pikachu_01
01:00:49 [DEBUG   ] pokemon_stencil.image_proc.segmenter:116 – Layer 0 | colour=(255, 255, 255) | pixels=512 (50.0%)
01:00:49 [DEBUG   ] pokemon_stencil.image_proc.segmenter:116 – Layer 1 | colour=(0, 0, 0) | pixels=512 (50.0%)
01:00:49 [INFO    ] pokemon_stencil.image_proc.segmenter:128 – Segmentation produced 2 layer(s).
01:00:49 [INFO    ] pokemon_stencil.factory.factory_runner:436 – 2 colour layer(s) for pikachu_01.
01:00:49 [DEBUG   ] pokemon_stencil.stencil.layer_builder:75 – Layer 0: stencil safety applied.
01:00:49 [DEBUG   ] pokemon_stencil.stencil.layer_builder:75 – Layer 1: stencil safety applied.
01:00:49 [WARNING ] pokemon_stencil.vector.tracer:66 – pypotrace not available – using OpenCV contour fallback.
01:00:49 [DEBUG   ] pokemon_stencil.vector.path_builder:61 – Layer 0 traced: 1 path(s) found.
01:00:49 [WARNING ] pokemon_stencil.vector.tracer:66 – pypotrace not available – using OpenCV contour fallback.
01:00:49 [DEBUG   ] pokemon_stencil.vector.path_builder:61 – Layer 1 traced: 1 path(s) found.
01:00:49 [DEBUG   ] pokemon_stencil.stencil.svg_exporter:91 – Wrote layer SVG: /tmp/pytest-of-root/pytest-6/test_ranked_sorted_descending0/pikachu_01/svg/img000_layer00.svg
01:00:49 [DEBUG   ] pokemon_stencil.stencil.svg_exporter:91 – Wrote layer SVG: /tmp/pytest-of-root/pytest-6/test_ranked_sorted_descending0/pikachu_01/svg/img000_layer01.svg
01:00:49 [DEBUG   ] pokemon_stencil.stencil.svg_exporter:99 – Wrote combined SVG: /tmp/pytest-of-root/pytest-6/test_ranked_sorted_descending0/pikachu_01/svg/img000_combined.svg
01:00:49 [INFO    ] pokemon_stencil.factory.factory_runner:263 – Stencil pipeline | rank=2 | candidate=2 | score=0.725 | run=pikachu_02
01:00:49 [DEBUG   ] pokemon_stencil.image_proc.segmenter:116 – Layer 0 | colour=(255, 255, 255) | pixels=512 (50.0%)
01:00:49 [DEBUG   ] pokemon_stencil.image_proc.segmenter:116 – Layer 1 | colour=(0, 0, 0) | pixels=512 (50.0%)
01:00:49 [INFO    ] pokemon_stencil.image_proc.segmenter:128 – Segmentation produced 2 layer(s).
01:00:49 [INFO    ] pokemon_stencil.factory.factory_runner:436 – 2 colour layer(s) for pikachu_02.
01:00:49 [DEBUG   ] pokemon_stencil.stencil.layer_builder:75 – Layer 0: stencil safety applied.
01:00:49 [DEBUG   ] pokemon_stencil.stencil.layer_builder:75 – Layer 1: stencil safety applied.
01:00:49 [WARNING ] pokemon_stencil.vector.tracer:66 – pypotrace not available – using OpenCV contour fallback.
01:00:49 [DEBUG   ] pokemon_stencil.vector.path_builder:61 – Layer 0 traced: 1 path(s) found.
01:00:49 [WARNING ] pokemon_stencil.vector.tracer:66 – pypotrace not available – using OpenCV contour fallback.
01:00:49 [DEBUG   ] pokemon_stencil.vector.path_builder:61 – Layer 1 traced: 1 path(s) found.
01:00:49 [DEBUG   ] pokemon_stencil.stencil.svg_exporter:91 – Wrote layer SVG: /tmp/pytest-of-root/pytest-6/test_ranked_sorted_descending0/pikachu_02/svg/img000_layer00.svg
01:00:49 [DEBUG   ] pokemon_stencil.stencil.svg_exporter:91 – Wrote layer SVG: /tmp/pytest-of-root/pytest-6/test_ranked_sorted_descending0/pikachu_02/svg/img000_layer01.svg
01:00:49 [DEBUG   ] pokemon_stencil.stencil.svg_exporter:99 – Wrote combined SVG: /tmp/pytest-of-root/pytest-6/test_ranked_sorted_descending0/pikachu_02/svg/img000_combined.svg
01:00:49 [INFO    ] pokemon_stencil.factory.factory_runner:228 – FactoryRunner.run | pokemon=Pikachu | count=2 | top_k=1 | workers=1
01:00:49 [INFO    ] pokemon_stencil.image_proc.loader:75 – Found 3 reference image(s) in /tmp/pytest-of-root/pytest-6/test_run_names_contain_pokemon0/refs
01:00:49 [DEBUG   ] pokemon_stencil.image_proc.loader:138 – Loaded: /tmp/pytest-of-root/pytest-6/test_run_names_contain_pokemon0/refs/ref_00.png
01:00:49 [DEBUG   ] pokemon_stencil.image_proc.loader:138 – Loaded: /tmp/pytest-of-root/pytest-6/test_run_names_contain_pokemon0/refs/ref_01.png
01:00:49 [DEBUG   ] pokemon_stencil.image_proc.loader:138 – Loaded: /tmp/pytest-of-root/pytest-6/test_run_names_contain_pokemon0/refs/ref_02.png
01:00:49 [INFO    ] pokemon_stencil.image_proc.loader:102 – Loaded 3 valid reference image(s).
01:00:49 [DEBUG   ] pokemon_stencil.image_gen.style_transfer:60 – Style transfer complete.
01:00:49 [DEBUG   ] pokemon_stencil.image_proc.simplifier:64 – Simplification complete; output size: (32, 32)
01:00:49 [DEBUG   ] pokemon_stencil.factory.scoring:95 – Score: clarity=0.312 component=1.000 contrast=1.000 → 0.725
01:00:49 [DEBUG   ] pokemon_stencil.factory.factory_runner:306 – Candidate 0 scored 0.725.
01:00:49 [INFO    ] pokemon_stencil.image_proc.loader:75 – Found 3 reference image(s) in /tmp/pytest-of-root/pytest-6/test_run_names_contain_pokemon0/refs
01:00:49 [DEBUG   ] pokemon_stencil.image_proc.loader:138 – Loaded: /tmp/pytest-of-root/pytest-6/test_run_names_contain_pokemon0/refs/ref_00.png
01:00:49 [DEBUG   ] pokemon_stencil.image_proc.loader:138 – Loaded: /tmp/pytest-of-root/pytest-6/test_run_names_contain_pokemon0/refs/ref_01.png
01:00:49 [DEBUG   ] pokemon_stencil.image_proc.loader:138 – Loaded: /tmp/pytest-of-root/pytest-6/test_run_names_contain_pokemon0/refs/ref_02.png
01:00:49 [INFO    ] pokemon_stencil.image_proc.loader:102 – Loaded 3 valid reference image(s).
01:00:49 [DEBUG   ] pokemon_stencil.image_gen.style_transfer:60 – Style transfer complete.
01:00:50 [DEBUG   ] pokemon_stencil.image_proc.simplifier:64 – Simplification complete; output size: (32, 32)
01:00:50 [DEBUG   ] pokemon_stencil.factory.scoring:95 – Score: clarity=0.312 component=1.000 contrast=1.000 → 0.725
01:00:50 [DEBUG   ] pokemon_stencil.factory.factory_runner:306 – Candidate 1 scored 0.725.
01:00:50 [INFO    ] pokemon_stencil.factory.factory_runner:247 – Selected 1/2 valid candidates for stencil conversion.
01:00:50 [INFO    ] pokemon_stencil.factory.factory_runner:263 – Stencil pipeline | rank=0 | candidate=0 | score=0.725 | run=pikachu_00
01:00:50 [DEBUG   ] pokemon_stencil.image_proc.segmenter:116 – Layer 0 | colour=(255, 255, 255) | pixels=512 (50.0%)
01:00:50 [DEBUG   ] pokemon_stencil.image_proc.segmenter:116 – Layer 1 | colour=(0, 0, 0) | pixels=512 (50.0%)
01:00:50 [INFO    ] pokemon_stencil.image_proc.segmenter:128 – Segmentation produced 2 layer(s).
01:00:50 [INFO    ] pokemon_stencil.factory.factory_runner:436 – 2 colour layer(s) for pikachu_00.
01:00:50 [DEBUG   ] pokemon_stencil.stencil.layer_builder:75 – Layer 0: stencil safety applied.
01:00:50 [DEBUG   ] pokemon_stencil.stencil.layer_builder:75 – Layer 1: stencil safety applied.
01:00:50 [WARNING ] pokemon_stencil.vector.tracer:66 – pypotrace not available – using OpenCV contour fallback.
01:00:50 [DEBUG   ] pokemon_stencil.vector.path_builder:61 – Layer 0 traced: 1 path(s) found.
01:00:50 [WARNING ] pokemon_stencil.vector.tracer:66 – pypotrace not available – using OpenCV contour fallback.
01:00:50 [DEBUG   ] pokemon_stencil.vector.path_builder:61 – Layer 1 traced: 1 path(s) found.
01:00:50 [DEBUG   ] pokemon_stencil.stencil.svg_exporter:91 – Wrote layer SVG: /tmp/pytest-of-root/pytest-6/test_run_names_contain_pokemon0/pikachu_00/svg/img000_layer00.svg
01:00:50 [DEBUG   ] pokemon_stencil.stencil.svg_exporter:91 – Wrote layer SVG: /tmp/pytest-of-root/pytest-6/test_run_names_contain_pokemon0/pikachu_00/svg/img000_layer01.svg
01:00:50 [DEBUG   ] pokemon_stencil.stencil.svg_exporter:99 – Wrote combined SVG: /tmp/pytest-of-root/pytest-6/test_run_names_contain_pokemon0/pikachu_00/svg/img000_combined.svg
01:00:50 [INFO    ] pokemon_stencil.factory.factory_runner:228 – FactoryRunner.run | pokemon=Pikachu | count=2 | top_k=1 | workers=1
01:00:50 [INFO    ] pokemon_stencil.image_proc.loader:75 – Found 3 reference image(s) in /tmp/pytest-of-root/pytest-6/test_output_dirs_created0/refs
01:00:50 [DEBUG   ] pokemon_stencil.image_proc.loader:138 – Loaded: /tmp/pytest-of-root/pytest-6/test_output_dirs_created0/refs/ref_00.png
01:00:50 [DEBUG   ] pokemon_stencil.image_proc.loader:138 – Loaded: /tmp/pytest-of-root/pytest-6/test_output_dirs_created0/refs/ref_01.png
01:00:50 [DEBUG   ] pokemon_stencil.image_proc.loader:138 – Loaded: /tmp/pytest-of-root/pytest-6/test_output_dirs_created0/refs/ref_02.png
01:00:50 [INFO    ] pokemon_stencil.image_proc.loader:102 – Loaded 3 valid reference image(s).
01:00:50 [DEBUG   ] pokemon_stencil.image_gen.style_transfer:60 – Style transfer complete.
01:00:50 [DEBUG   ] pokemon_stencil.image_proc.simplifier:64 – Simplification complete; output size: (32, 32)
01:00:50 [DEBUG   ] pokemon_stencil.factory.scoring:95 – Score: clarity=0.312 component=1.000 contrast=1.000 → 0.725
01:00:50 [DEBUG   ] pokemon_stencil.factory.factory_runner:306 – Candidate 0 scored 0.725.
01:00:50 [INFO    ] pokemon_stencil.image_proc.loader:75 – Found 3 reference image(s) in /tmp/pytest-of-root/pytest-6/test_output_dirs_created0/refs
01:00:50 [DEBUG   ] pokemon_stencil.image_proc.loader:138 – Loaded: /tmp/pytest-of-root/pytest-6/test_output_dirs_created0/refs/ref_00.png
01:00:50 [DEBUG   ] pokemon_stencil.image_proc.loader:138 – Loaded: /tmp/pytest-of-root/pytest-6/test_output_dirs_created0/refs/ref_01.png
01:00:50 [DEBUG   ] pokemon_stencil.image_proc.loader:138 – Loaded: /tmp/pytest-of-root/pytest-6/test_output_dirs_created0/refs/ref_02.png
01:00:50 [INFO    ] pokemon_stencil.image_proc.loader:102 – Loaded 3 valid reference image(s).
01:00:50 [DEBUG   ] pokemon_stencil.image_gen.style_transfer:60 – Style transfer complete.
01:00:50 [DEBUG   ] pokemon_stencil.image_proc.simplifier:64 – Simplification complete; output size: (32, 32)
01:00:50 [DEBUG   ] pokemon_stencil.factory.scoring:95 – Score: clarity=0.312 component=1.000 contrast=1.000 → 0.725
01:00:50 [DEBUG   ] pokemon_stencil.factory.factory_runner:306 – Candidate 1 scored 0.725.
01:00:50 [INFO    ] pokemon_stencil.factory.factory_runner:247 – Selected 1/2 valid candidates for stencil conversion.
01:00:50 [INFO    ] pokemon_stencil.factory.factory_runner:263 – Stencil pipeline | rank=0 | candidate=0 | score=0.725 | run=pikachu_00
01:00:50 [DEBUG   ] pokemon_stencil.image_proc.segmenter:116 – Layer 0 | colour=(255, 255, 255) | pixels=512 (50.0%)
01:00:50 [DEBUG   ] pokemon_stencil.image_proc.segmenter:116 – Layer 1 | colour=(0, 0, 0) | pixels=512 (50.0%)
01:00:50 [INFO    ] pokemon_stencil.image_proc.segmenter:128 – Segmentation produced 2 layer(s).
01:00:50 [INFO    ] pokemon_stencil.factory.factory_runner:436 – 2 colour layer(s) for pikachu_00.
01:00:50 [DEBUG   ] pokemon_stencil.stencil.layer_builder:75 – Layer 0: stencil safety applied.
01:00:50 [DEBUG   ] pokemon_stencil.stencil.layer_builder:75 – Layer 1: stencil safety applied.
01:00:50 [WARNING ] pokemon_stencil.vector.tracer:66 – pypotrace not available – using OpenCV contour fallback.
01:00:50 [DEBUG   ] pokemon_stencil.vector.path_builder:61 – Layer 0 traced: 1 path(s) found.
01:00:50 [WARNING ] pokemon_stencil.vector.tracer:66 – pypotrace not available – using OpenCV contour fallback.
01:00:50 [DEBUG   ] pokemon_stencil.vector.path_builder:61 – Layer 1 traced: 1 path(s) found.
01:00:50 [DEBUG   ] pokemon_stencil.stencil.svg_exporter:91 – Wrote layer SVG: /tmp/pytest-of-root/pytest-6/test_output_dirs_created0/pikachu_00/svg/img000_layer00.svg
01:00:50 [DEBUG   ] pokemon_stencil.stencil.svg_exporter:91 – Wrote layer SVG: /tmp/pytest-of-root/pytest-6/test_output_dirs_created0/pikachu_00/svg/img000_layer01.svg
01:00:50 [DEBUG   ] pokemon_stencil.stencil.svg_exporter:99 – Wrote combined SVG: /tmp/pytest-of-root/pytest-6/test_output_dirs_created0/pikachu_00/svg/img000_combined.svg
01:00:50 [INFO    ] pokemon_stencil.factory.factory_runner:228 – FactoryRunner.run | pokemon=Pikachu | count=2 | top_k=1 | workers=1
01:00:50 [INFO    ] pokemon_stencil.image_proc.loader:75 – Found 3 reference image(s) in /tmp/pytest-of-root/pytest-6/test_svg_files_written0/refs
01:00:50 [DEBUG   ] pokemon_stencil.image_proc.loader:138 – Loaded: /tmp/pytest-of-root/pytest-6/test_svg_files_written0/refs/ref_00.png
01:00:50 [DEBUG   ] pokemon_stencil.image_proc.loader:138 – Loaded: /tmp/pytest-of-root/pytest-6/test_svg_files_written0/refs/ref_01.png
01:00:50 [DEBUG   ] pokemon_stencil.image_proc.loader:138 – Loaded: /tmp/pytest-of-root/pytest-6/test_svg_files_written0/refs/ref_02.png
01:00:50 [INFO    ] pokemon_stencil.image_proc.loader:102 – Loaded 3 valid reference image(s).
01:00:50 [DEBUG   ] pokemon_stencil.image_gen.style_transfer:60 – Style transfer complete.
01:00:50 [DEBUG   ] pokemon_stencil.image_proc.simplifier:64 – Simplification complete; output size: (32, 32)
01:00:50 [DEBUG   ] pokemon_stencil.factory.scoring:95 – Score: clarity=0.312 component=1.000 contrast=1.000 → 0.725
01:00:50 [DEBUG   ] pokemon_stencil.factory.factory_runner:306 – Candidate 0 scored 0.725.
01:00:50 [INFO    ] pokemon_stencil.image_proc.loader:75 – Found 3 reference image(s) in /tmp/pytest-of-root/pytest-6/test_svg_files_written0/refs
01:00:50 [DEBUG   ] pokemon_stencil.image_proc.loader:138 – Loaded: /tmp/pytest-of-root/pytest-6/test_svg_files_written0/refs/ref_00.png
01:00:50 [DEBUG   ] pokemon_stencil.image_proc.loader:138 – Loaded: /tmp/pytest-of-root/pytest-6/test_svg_files_written0/refs/ref_01.png
01:00:50 [DEBUG   ] pokemon_stencil.image_proc.loader:138 – Loaded: /tmp/pytest-of-root/pytest-6/test_svg_files_written0/refs/ref_02.png
01:00:50 [INFO    ] pokemon_stencil.image_proc.loader:102 – Loaded 3 valid reference image(s).
01:00:50 [DEBUG   ] pokemon_stencil.image_gen.style_transfer:60 – Style transfer complete.
01:00:50 [DEBUG   ] pokemon_stencil.image_proc.simplifier:64 – Simplification complete; output size: (32, 32)
01:00:50 [DEBUG   ] pokemon_stencil.factory.scoring:95 – Score: clarity=0.312 component=1.000 contrast=1.000 → 0.725
01:00:50 [DEBUG   ] pokemon_stencil.factory.factory_runner:306 – Candidate 1 scored 0.725.
01:00:50 [INFO    ] pokemon_stencil.factory.factory_runner:247 – Selected 1/2 valid candidates for stencil conversion.
01:00:50 [INFO    ] pokemon_stencil.factory.factory_runner:263 – Stencil pipeline | rank=0 | candidate=0 | score=0.725 | run=pikachu_00
01:00:50 [DEBUG   ] pokemon_stencil.image_proc.segmenter:116 – Layer 0 | colour=(255, 255, 255) | pixels=512 (50.0%)
01:00:50 [DEBUG   ] pokemon_stencil.image_proc.segmenter:116 – Layer 1 | colour=(0, 0, 0) | pixels=512 (50.0%)
01:00:50 [INFO    ] pokemon_stencil.image_proc.segmenter:128 – Segmentation produced 2 layer(s).
01:00:50 [INFO    ] pokemon_stencil.factory.factory_runner:436 – 2 colour layer(s) for pikachu_00.
01:00:50 [DEBUG   ] pokemon_stencil.stencil.layer_builder:75 – Layer 0: stencil safety applied.
01:00:50 [DEBUG   ] pokemon_stencil.stencil.layer_builder:75 – Layer 1: stencil safety applied.
01:00:50 [WARNING ] pokemon_stencil.vector.tracer:66 – pypotrace not available – using OpenCV contour fallback.
01:00:50 [DEBUG   ] pokemon_stencil.vector.path_builder:61 – Layer 0 traced: 1 path(s) found.
01:00:50 [WARNING ] pokemon_stencil.vector.tracer:66 – pypotrace not available – using OpenCV contour fallback.
01:00:50 [DEBUG   ] pokemon_stencil.vector.path_builder:61 – Layer 1 traced: 1 path(s) found.
01:00:50 [DEBUG   ] pokemon_stencil.stencil.svg_exporter:91 – Wrote layer SVG: /tmp/pytest-of-root/pytest-6/test_svg_files_written0/pikachu_00/svg/img000_layer00.svg
01:00:50 [DEBUG   ] pokemon_stencil.stencil.svg_exporter:91 – Wrote layer SVG: /tmp/pytest-of-root/pytest-6/test_svg_files_written0/pikachu_00/svg/img000_layer01.svg
01:00:50 [DEBUG   ] pokemon_stencil.stencil.svg_exporter:99 – Wrote combined SVG: /tmp/pytest-of-root/pytest-6/test_svg_files_written0/pikachu_00/svg/img000_combined.svg
01:00:50 [INFO    ] pokemon_stencil.factory.factory_runner:228 – FactoryRunner.run | pokemon=Pikachu | count=2 | top_k=2 | workers=1
01:00:50 [INFO    ] pokemon_stencil.image_proc.loader:75 – Found 3 reference image(s) in /tmp/pytest-of-root/pytest-6/test_top_k_capped_at_count0/refs
01:00:50 [DEBUG   ] pokemon_stencil.image_proc.loader:138 – Loaded: /tmp/pytest-of-root/pytest-6/test_top_k_capped_at_count0/refs/ref_00.png
01:00:50 [DEBUG   ] pokemon_stencil.image_proc.loader:138 – Loaded: /tmp/pytest-of-root/pytest-6/test_top_k_capped_at_count0/refs/ref_01.png
01:00:50 [DEBUG   ] pokemon_stencil.image_proc.loader:138 – Loaded: /tmp/pytest-of-root/pytest-6/test_top_k_capped_at_count0/refs/ref_02.png
01:00:50 [INFO    ] pokemon_stencil.image_proc.loader:102 – Loaded 3 valid reference image(s).
01:00:50 [DEBUG   ] pokemon_stencil.image_gen.style_transfer:60 – Style transfer complete.
01:00:50 [DEBUG   ] pokemon_stencil.image_proc.simplifier:64 – Simplification complete; output size: (32, 32)
01:00:50 [DEBUG   ] pokemon_stencil.factory.scoring:95 – Score: clarity=0.312 component=1.000 contrast=1.000 → 0.725
01:00:50 [DEBUG   ] pokemon_stencil.factory.factory_runner:306 – Candidate 0 scored 0.725.
01:00:50 [INFO    ] pokemon_stencil.image_proc.loader:75 – Found 3 reference image(s) in /tmp/pytest-of-root/pytest-6/test_top_k_capped_at_count0/refs
01:00:50 [DEBUG   ] pokemon_stencil.image_proc.loader:138 – Loaded: /tmp/pytest-of-root/pytest-6/test_top_k_capped_at_count0/refs/ref_00.png
01:00:50 [DEBUG   ] pokemon_stencil.image_proc.loader:138 – Loaded: /tmp/pytest-of-root/pytest-6/test_top_k_capped_at_count0/refs/ref_01.png
01:00:50 [DEBUG   ] pokemon_stencil.image_proc.loader:138 – Loaded: /tmp/pytest-of-root/pytest-6/test_top_k_capped_at_count0/refs/ref_02.png
01:00:50 [INFO    ] pokemon_stencil.image_proc.loader:102 – Loaded 3 valid reference image(s).
01:00:50 [DEBUG   ] pokemon_stencil.image_gen.style_transfer:60 – Style transfer complete.
01:00:50 [DEBUG   ] pokemon_stencil.image_proc.simplifier:64 – Simplification complete; output size: (32, 32)
01:00:50 [DEBUG   ] pokemon_stencil.factory.scoring:95 – Score: clarity=0.312 component=1.000 contrast=1.000 → 0.725
01:00:50 [DEBUG   ] pokemon_stencil.factory.factory_runner:306 – Candidate 1 scored 0.725.
01:00:50 [INFO    ] pokemon_stencil.factory.factory_runner:247 – Selected 2/2 valid candidates for stencil conversion.
01:00:50 [INFO    ] pokemon_stencil.factory.factory_runner:263 – Stencil pipeline | rank=0 | candidate=0 | score=0.725 | run=pikachu_00
01:00:50 [DEBUG   ] pokemon_stencil.image_proc.segmenter:116 – Layer 0 | colour=(255, 255, 255) | pixels=512 (50.0%)
01:00:50 [DEBUG   ] pokemon_stencil.image_proc.segmenter:116 – Layer 1 | colour=(0, 0, 0) | pixels=512 (50.0%)
01:00:50 [INFO    ] pokemon_stencil.image_proc.segmenter:128 – Segmentation produced 2 layer(s).
01:00:50 [INFO    ] pokemon_stencil.factory.factory_runner:436 – 2 colour layer(s) for pikachu_00.
01:00:50 [DEBUG   ] pokemon_stencil.stencil.layer_builder:75 – Layer 0: stencil safety applied.
01:00:50 [DEBUG   ] pokemon_stencil.stencil.layer_builder:75 – Layer 1: stencil safety applied.
01:00:50 [WARNING ] pokemon_stencil.vector.tracer:66 – pypotrace not available – using OpenCV contour fallback.
01:00:50 [DEBUG   ] pokemon_stencil.vector.path_builder:61 – Layer 0 traced: 1 path(s) found.
01:00:50 [WARNING ] pokemon_stencil.vector.tracer:66 – pypotrace not available – using OpenCV contour fallback.
01:00:50 [DEBUG   ] pokemon_stencil.vector.path_builder:61 – Layer 1 traced: 1 path(s) found.
01:00:50 [DEBUG   ] pokemon_stencil.stencil.svg_exporter:91 – Wrote layer SVG: /tmp/pytest-of-root/pytest-6/test_top_k_capped_at_count0/pikachu_00/svg/img000_layer00.svg
01:00:50 [DEBUG   ] pokemon_stencil.stencil.svg_exporter:91 – Wrote layer SVG: /tmp/pytest-of-root/pytest-6/test_top_k_capped_at_count0/pikachu_00/svg/img000_layer01.svg
01:00:50 [DEBUG   ] pokemon_stencil.stencil.svg_exporter:99 – Wrote combined SVG: /tmp/pytest-of-root/pytest-6/test_top_k_capped_at_count0/pikachu_00/svg/img000_combined.svg
01:00:50 [INFO    ] pokemon_stencil.factory.factory_runner:263 – Stencil pipeline | rank=1 | candidate=1 | score=0.725 | run=pikachu_01
01:00:50 [DEBUG   ] pokemon_stencil.image_proc.segmenter:116 – Layer 0 | colour=(255, 255, 255) | pixels=512 (50.0%)
01:00:50 [DEBUG   ] pokemon_stencil.image_proc.segmenter:116 – Layer 1 | colour=(0, 0, 0) | pixels=512 (50.0%)
01:00:50 [INFO    ] pokemon_stencil.image_proc.segmenter:128 – Segmentation produced 2 layer(s).
01:00:50 [INFO    ] pokemon_stencil.factory.factory_runner:436 – 2 colour layer(s) for pikachu_01.
01:00:50 [DEBUG   ] pokemon_stencil.stencil.layer_builder:75 – Layer 0: stencil safety applied.
01:00:50 [DEBUG   ] pokemon_stencil.stencil.layer_builder:75 – Layer 1: stencil safety applied.
01:00:50 [WARNING ] pokemon_stencil.vector.tracer:66 – pypotrace not available – using OpenCV contour fallback.
01:00:50 [DEBUG   ] pokemon_stencil.vector.path_builder:61 – Layer 0 traced: 1 path(s) found.
01:00:50 [WARNING ] pokemon_stencil.vector.tracer:66 – pypotrace not available – using OpenCV contour fallback.
01:00:50 [DEBUG   ] pokemon_stencil.vector.path_builder:61 – Layer 1 traced: 1 path(s) found.
01:00:50 [DEBUG   ] pokemon_stencil.stencil.svg_exporter:91 – Wrote layer SVG: /tmp/pytest-of-root/pytest-6/test_top_k_capped_at_count0/pikachu_01/svg/img000_layer00.svg
01:00:50 [DEBUG   ] pokemon_stencil.stencil.svg_exporter:91 – Wrote layer SVG: /tmp/pytest-of-root/pytest-6/test_top_k_capped_at_count0/pikachu_01/svg/img000_layer01.svg
01:00:50 [DEBUG   ] pokemon_stencil.stencil.svg_exporter:99 – Wrote combined SVG: /tmp/pytest-of-root/pytest-6/test_top_k_capped_at_count0/pikachu_01/svg/img000_combined.svg
01:00:50 [INFO    ] pokemon_stencil.factory.factory_runner:228 – FactoryRunner.run | pokemon=Test | count=3 | top_k=1 | workers=1
01:00:50 [INFO    ] pokemon_stencil.factory.factory_runner:247 – Selected 1/3 valid candidates for stencil conversion.
01:00:50 [INFO    ] pokemon_stencil.factory.factory_runner:263 – Stencil pipeline | rank=0 | candidate=2 | score=0.200 | run=test_00
01:00:50 [DEBUG   ] pokemon_stencil.image_proc.segmenter:116 – Layer 0 | colour=(200, 200, 200) | pixels=512 (50.0%)
01:00:50 [DEBUG   ] pokemon_stencil.image_proc.segmenter:116 – Layer 1 | colour=(0, 0, 0) | pixels=512 (50.0%)
01:00:50 [INFO    ] pokemon_stencil.image_proc.segmenter:128 – Segmentation produced 2 layer(s).
01:00:50 [INFO    ] pokemon_stencil.factory.factory_runner:436 – 2 colour layer(s) for test_00.
01:00:50 [DEBUG   ] pokemon_stencil.stencil.layer_builder:75 – Layer 0: stencil safety applied.
01:00:50 [DEBUG   ] pokemon_stencil.stencil.layer_builder:75 – Layer 1: stencil safety applied.
01:00:50 [WARNING ] pokemon_stencil.vector.tracer:66 – pypotrace not available – using OpenCV contour fallback.
01:00:50 [DEBUG   ] pokemon_stencil.vector.path_builder:61 – Layer 0 traced: 1 path(s) found.
01:00:50 [WARNING ] pokemon_stencil.vector.tracer:66 – pypotrace not available – using OpenCV contour fallback.
01:00:50 [DEBUG   ] pokemon_stencil.vector.path_builder:61 – Layer 1 traced: 1 path(s) found.
01:00:50 [DEBUG   ] pokemon_stencil.stencil.svg_exporter:91 – Wrote layer SVG: /tmp/pytest-of-root/pytest-6/test_selects_highest_scoring_c0/test_00/svg/img000_layer00.svg
01:00:50 [DEBUG   ] pokemon_stencil.stencil.svg_exporter:91 – Wrote layer SVG: /tmp/pytest-of-root/pytest-6/test_selects_highest_scoring_c0/test_00/svg/img000_layer01.svg
01:00:50 [DEBUG   ] pokemon_stencil.stencil.svg_exporter:99 – Wrote combined SVG: /tmp/pytest-of-root/pytest-6/test_selects_highest_scoring_c0/test_00/svg/img000_combined.svg
01:00:50 [INFO    ] pokemon_stencil.factory.factory_runner:228 – FactoryRunner.run | pokemon=Test | count=2 | top_k=1 | workers=1
01:00:50 [INFO    ] pokemon_stencil.factory.factory_runner:247 – Selected 0/0 valid candidates for stencil conversion.
01:00:50 [INFO    ] pokemon_stencil.factory.factory_runner:228 – FactoryRunner.run | pokemon=Test | count=2 | top_k=1 | workers=1
01:00:50 [INFO    ] pokemon_stencil.factory.factory_runner:247 – Selected 1/1 valid candidates for stencil conversion.
01:00:50 [INFO    ] pokemon_stencil.factory.factory_runner:263 – Stencil pipeline | rank=0 | candidate=0 | score=0.500 | run=test_00
01:00:50 [DEBUG   ] pokemon_stencil.image_proc.segmenter:116 – Layer 0 | colour=(200, 200, 200) | pixels=512 (50.0%)
01:00:50 [DEBUG   ] pokemon_stencil.image_proc.segmenter:116 – Layer 1 | colour=(0, 0, 0) | pixels=512 (50.0%)
01:00:50 [INFO    ] pokemon_stencil.image_proc.segmenter:128 – Segmentation produced 2 layer(s).
01:00:50 [INFO    ] pokemon_stencil.factory.factory_runner:436 – 2 colour layer(s) for test_00.
01:00:50 [DEBUG   ] pokemon_stencil.stencil.layer_builder:75 – Layer 0: stencil safety applied.
01:00:50 [DEBUG   ] pokemon_stencil.stencil.layer_builder:75 – Layer 1: stencil safety applied.
01:00:50 [WARNING ] pokemon_stencil.vector.tracer:66 – pypotrace not available – using OpenCV contour fallback.
01:00:50 [DEBUG   ] pokemon_stencil.vector.path_builder:61 – Layer 0 traced: 1 path(s) found.
01:00:50 [WARNING ] pokemon_stencil.vector.tracer:66 – pypotrace not available – using OpenCV contour fallback.
01:00:50 [DEBUG   ] pokemon_stencil.vector.path_builder:61 – Layer 1 traced: 1 path(s) found.
01:00:50 [DEBUG   ] pokemon_stencil.stencil.svg_exporter:91 – Wrote layer SVG: /tmp/pytest-of-root/pytest-6/test_errors_from_generation_re0/test_00/svg/img000_layer00.svg
01:00:50 [DEBUG   ] pokemon_stencil.stencil.svg_exporter:91 – Wrote layer SVG: /tmp/pytest-of-root/pytest-6/test_errors_from_generation_re0/test_00/svg/img000_layer01.svg
01:00:50 [DEBUG   ] pokemon_stencil.stencil.svg_exporter:99 – Wrote combined SVG: /tmp/pytest-of-root/pytest-6/test_errors_from_generation_re0/test_00/svg/img000_combined.svg
01:00:50 [INFO    ] pokemon_stencil.image_proc.loader:75 – Found 3 reference image(s) in /tmp/pytest-of-root/pytest-6/test_returns_list_of_candidate0/refs
01:00:50 [DEBUG   ] pokemon_stencil.image_proc.loader:138 – Loaded: /tmp/pytest-of-root/pytest-6/test_returns_list_of_candidate0/refs/ref_00.png
01:00:50 [DEBUG   ] pokemon_stencil.image_proc.loader:138 – Loaded: /tmp/pytest-of-root/pytest-6/test_returns_list_of_candidate0/refs/ref_01.png
01:00:50 [DEBUG   ] pokemon_stencil.image_proc.loader:138 – Loaded: /tmp/pytest-of-root/pytest-6/test_returns_list_of_candidate0/refs/ref_02.png
01:00:50 [INFO    ] pokemon_stencil.image_proc.loader:102 – Loaded 3 valid reference image(s).
01:00:50 [DEBUG   ] pokemon_stencil.image_gen.style_transfer:60 – Style transfer complete.
01:00:50 [DEBUG   ] pokemon_stencil.image_proc.simplifier:64 – Simplification complete; output size: (32, 32)
01:00:50 [DEBUG   ] pokemon_stencil.factory.scoring:95 – Score: clarity=0.312 component=1.000 contrast=1.000 → 0.725
01:00:50 [DEBUG   ] pokemon_stencil.factory.factory_runner:306 – Candidate 0 scored 0.725.
01:00:50 [INFO    ] pokemon_stencil.image_proc.loader:75 – Found 3 reference image(s) in /tmp/pytest-of-root/pytest-6/test_returns_list_of_candidate0/refs
01:00:50 [DEBUG   ] pokemon_stencil.image_proc.loader:138 – Loaded: /tmp/pytest-of-root/pytest-6/test_returns_list_of_candidate0/refs/ref_00.png
01:00:50 [DEBUG   ] pokemon_stencil.image_proc.loader:138 – Loaded: /tmp/pytest-of-root/pytest-6/test_returns_list_of_candidate0/refs/ref_01.png
01:00:50 [DEBUG   ] pokemon_stencil.image_proc.loader:138 – Loaded: /tmp/pytest-of-root/pytest-6/test_returns_list_of_candidate0/refs/ref_02.png
01:00:50 [INFO    ] pokemon_stencil.image_proc.loader:102 – Loaded 3 valid reference image(s).
01:00:50 [DEBUG   ] pokemon_stencil.image_gen.style_transfer:60 – Style transfer complete.
01:00:50 [DEBUG   ] pokemon_stencil.image_proc.simplifier:64 – Simplification complete; output size: (32, 32)
01:00:50 [DEBUG   ] pokemon_stencil.factory.scoring:95 – Score: clarity=0.312 component=1.000 contrast=1.000 → 0.725
01:00:50 [DEBUG   ] pokemon_stencil.factory.factory_runner:306 – Candidate 1 scored 0.725.
01:00:50 [INFO    ] pokemon_stencil.image_proc.loader:75 – Found 3 reference image(s) in /tmp/pytest-of-root/pytest-6/test_length_equals_count0/refs
01:00:50 [DEBUG   ] pokemon_stencil.image_proc.loader:138 – Loaded: /tmp/pytest-of-root/pytest-6/test_length_equals_count0/refs/ref_00.png
01:00:50 [DEBUG   ] pokemon_stencil.image_proc.loader:138 – Loaded: /tmp/pytest-of-root/pytest-6/test_length_equals_count0/refs/ref_01.png
01:00:50 [DEBUG   ] pokemon_stencil.image_proc.loader:138 – Loaded: /tmp/pytest-of-root/pytest-6/test_length_equals_count0/refs/ref_02.png
01:00:50 [INFO    ] pokemon_stencil.image_proc.loader:102 – Loaded 3 valid reference image(s).
01:00:50 [DEBUG   ] pokemon_stencil.image_gen.style_transfer:60 – Style transfer complete.
01:00:50 [DEBUG   ] pokemon_stencil.image_proc.simplifier:64 – Simplification complete; output size: (32, 32)
01:00:50 [DEBUG   ] pokemon_stencil.factory.scoring:95 – Score: clarity=0.312 component=1.000 contrast=1.000 → 0.725
01:00:50 [DEBUG   ] pokemon_stencil.factory.factory_runner:306 – Candidate 0 scored 0.725.
01:00:50 [INFO    ] pokemon_stencil.image_proc.loader:75 – Found 3 reference image(s) in /tmp/pytest-of-root/pytest-6/test_length_equals_count0/refs
01:00:50 [DEBUG   ] pokemon_stencil.image_proc.loader:138 – Loaded: /tmp/pytest-of-root/pytest-6/test_length_equals_count0/refs/ref_00.png
01:00:50 [DEBUG   ] pokemon_stencil.image_proc.loader:138 – Loaded: /tmp/pytest-of-root/pytest-6/test_length_equals_count0/refs/ref_01.png
01:00:50 [DEBUG   ] pokemon_stencil.image_proc.loader:138 – Loaded: /tmp/pytest-of-root/pytest-6/test_length_equals_count0/refs/ref_02.png
01:00:50 [INFO    ] pokemon_stencil.image_proc.loader:102 – Loaded 3 valid reference image(s).
01:00:50 [DEBUG   ] pokemon_stencil.image_gen.style_transfer:60 – Style transfer complete.
01:00:50 [DEBUG   ] pokemon_stencil.image_proc.simplifier:64 – Simplification complete; output size: (32, 32)
01:00:50 [DEBUG   ] pokemon_stencil.factory.scoring:95 – Score: clarity=0.312 component=1.000 contrast=1.000 → 0.725
01:00:50 [DEBUG   ] pokemon_stencil.factory.factory_runner:306 – Candidate 1 scored 0.725.
01:00:50 [INFO    ] pokemon_stencil.image_proc.loader:75 – Found 3 reference image(s) in /tmp/pytest-of-root/pytest-6/test_length_equals_count0/refs
01:00:50 [DEBUG   ] pokemon_stencil.image_proc.loader:138 – Loaded: /tmp/pytest-of-root/pytest-6/test_length_equals_count0/refs/ref_00.png
01:00:50 [DEBUG   ] pokemon_stencil.image_proc.loader:138 – Loaded: /tmp/pytest-of-root/pytest-6/test_length_equals_count0/refs/ref_01.png
01:00:50 [DEBUG   ] pokemon_stencil.image_proc.loader:138 – Loaded: /tmp/pytest-of-root/pytest-6/test_length_equals_count0/refs/ref_02.png
01:00:50 [INFO    ] pokemon_stencil.image_proc.loader:102 – Loaded 3 valid reference image(s).
01:00:50 [DEBUG   ] pokemon_stencil.image_gen.style_transfer:60 – Style transfer complete.
01:00:50 [DEBUG   ] pokemon_stencil.image_proc.simplifier:64 – Simplification complete; output size: (32, 32)
01:00:50 [DEBUG   ] pokemon_stencil.factory.scoring:95 – Score: clarity=0.312 component=1.000 contrast=1.000 → 0.725
01:00:50 [DEBUG   ] pokemon_stencil.factory.factory_runner:306 – Candidate 2 scored 0.725.
01:00:50 [INFO    ] pokemon_stencil.image_proc.loader:75 – Found 3 reference image(s) in /tmp/pytest-of-root/pytest-6/test_scores_are_floats_in_rang0/refs
01:00:50 [DEBUG   ] pokemon_stencil.image_proc.loader:138 – Loaded: /tmp/pytest-of-root/pytest-6/test_scores_are_floats_in_rang0/refs/ref_00.png
01:00:50 [DEBUG   ] pokemon_stencil.image_proc.loader:138 – Loaded: /tmp/pytest-of-root/pytest-6/test_scores_are_floats_in_rang0/refs/ref_01.png
01:00:50 [DEBUG   ] pokemon_stencil.image_proc.loader:138 – Loaded: /tmp/pytest-of-root/pytest-6/test_scores_are_floats_in_rang0/refs/ref_02.png
01:00:50 [INFO    ] pokemon_stencil.image_proc.loader:102 – Loaded 3 valid reference image(s).
01:00:50 [DEBUG   ] pokemon_stencil.image_gen.style_transfer:60 – Style transfer complete.
01:00:50 [DEBUG   ] pokemon_stencil.image_proc.simplifier:64 – Simplification complete; output size: (32, 32)
01:00:50 [DEBUG   ] pokemon_stencil.factory.scoring:95 – Score: clarity=0.312 component=1.000 contrast=1.000 → 0.725
01:00:50 [DEBUG   ] pokemon_stencil.factory.factory_runner:306 – Candidate 0 scored 0.725.
01:00:50 [INFO    ] pokemon_stencil.image_proc.loader:75 – Found 3 reference image(s) in /tmp/pytest-of-root/pytest-6/test_scores_are_floats_in_rang0/refs
01:00:50 [DEBUG   ] pokemon_stencil.image_proc.loader:138 – Loaded: /tmp/pytest-of-root/pytest-6/test_scores_are_floats_in_rang0/refs/ref_00.png
01:00:50 [DEBUG   ] pokemon_stencil.image_proc.loader:138 – Loaded: /tmp/pytest-of-root/pytest-6/test_scores_are_floats_in_rang0/refs/ref_01.png
01:00:50 [DEBUG   ] pokemon_stencil.image_proc.loader:138 – Loaded: /tmp/pytest-of-root/pytest-6/test_scores_are_floats_in_rang0/refs/ref_02.png
01:00:50 [INFO    ] pokemon_stencil.image_proc.loader:102 – Loaded 3 valid reference image(s).
01:00:50 [DEBUG   ] pokemon_stencil.image_gen.style_transfer:60 – Style transfer complete.
01:00:50 [DEBUG   ] pokemon_stencil.image_proc.simplifier:64 – Simplification complete; output size: (32, 32)
01:00:50 [DEBUG   ] pokemon_stencil.factory.scoring:95 – Score: clarity=0.312 component=1.000 contrast=1.000 → 0.725
01:00:50 [DEBUG   ] pokemon_stencil.factory.factory_runner:306 – Candidate 1 scored 0.725.
01:00:50 [INFO    ] pokemon_stencil.image_proc.loader:75 – Found 3 reference image(s) in /tmp/pytest-of-root/pytest-6/test_indices_sequential0/refs
01:00:50 [DEBUG   ] pokemon_stencil.image_proc.loader:138 – Loaded: /tmp/pytest-of-root/pytest-6/test_indices_sequential0/refs/ref_00.png
01:00:50 [DEBUG   ] pokemon_stencil.image_proc.loader:138 – Loaded: /tmp/pytest-of-root/pytest-6/test_indices_sequential0/refs/ref_01.png
01:00:50 [DEBUG   ] pokemon_stencil.image_proc.loader:138 – Loaded: /tmp/pytest-of-root/pytest-6/test_indices_sequential0/refs/ref_02.png
01:00:50 [INFO    ] pokemon_stencil.image_proc.loader:102 – Loaded 3 valid reference image(s).
01:00:50 [DEBUG   ] pokemon_stencil.image_gen.style_transfer:60 – Style transfer complete.
01:00:50 [DEBUG   ] pokemon_stencil.image_proc.simplifier:64 – Simplification complete; output size: (32, 32)
01:00:50 [DEBUG   ] pokemon_stencil.factory.scoring:95 – Score: clarity=0.312 component=1.000 contrast=1.000 → 0.725
01:00:50 [DEBUG   ] pokemon_stencil.factory.factory_runner:306 – Candidate 0 scored 0.725.
01:00:50 [INFO    ] pokemon_stencil.image_proc.loader:75 – Found 3 reference image(s) in /tmp/pytest-of-root/pytest-6/test_indices_sequential0/refs
01:00:50 [DEBUG   ] pokemon_stencil.image_proc.loader:138 – Loaded: /tmp/pytest-of-root/pytest-6/test_indices_sequential0/refs/ref_00.png
01:00:50 [DEBUG   ] pokemon_stencil.image_proc.loader:138 – Loaded: /tmp/pytest-of-root/pytest-6/test_indices_sequential0/refs/ref_01.png
01:00:50 [DEBUG   ] pokemon_stencil.image_proc.loader:138 – Loaded: /tmp/pytest-of-root/pytest-6/test_indices_sequential0/refs/ref_02.png
01:00:50 [INFO    ] pokemon_stencil.image_proc.loader:102 – Loaded 3 valid reference image(s).
01:00:50 [DEBUG   ] pokemon_stencil.image_gen.style_transfer:60 – Style transfer complete.
01:00:50 [DEBUG   ] pokemon_stencil.image_proc.simplifier:64 – Simplification complete; output size: (32, 32)
01:00:50 [DEBUG   ] pokemon_stencil.factory.scoring:95 – Score: clarity=0.312 component=1.000 contrast=1.000 → 0.725
01:00:50 [DEBUG   ] pokemon_stencil.factory.factory_runner:306 – Candidate 1 scored 0.725.
01:00:50 [INFO    ] pokemon_stencil.image_proc.loader:75 – Found 3 reference image(s) in /tmp/pytest-of-root/pytest-6/test_indices_sequential0/refs
01:00:50 [DEBUG   ] pokemon_stencil.image_proc.loader:138 – Loaded: /tmp/pytest-of-root/pytest-6/test_indices_sequential0/refs/ref_00.png
01:00:50 [DEBUG   ] pokemon_stencil.image_proc.loader:138 – Loaded: /tmp/pytest-of-root/pytest-6/test_indices_sequential0/refs/ref_01.png
01:00:50 [DEBUG   ] pokemon_stencil.image_proc.loader:138 – Loaded: /tmp/pytest-of-root/pytest-6/test_indices_sequential0/refs/ref_02.png
01:00:50 [INFO    ] pokemon_stencil.image_proc.loader:102 – Loaded 3 valid reference image(s).
01:00:50 [DEBUG   ] pokemon_stencil.image_gen.style_transfer:60 – Style transfer complete.
01:00:50 [DEBUG   ] pokemon_stencil.image_proc.simplifier:64 – Simplification complete; output size: (32, 32)
01:00:50 [DEBUG   ] pokemon_stencil.factory.scoring:95 – Score: clarity=0.312 component=1.000 contrast=1.000 → 0.725
01:00:50 [DEBUG   ] pokemon_stencil.factory.factory_runner:306 – Candidate 2 scored 0.725.
01:00:50 [INFO    ] pokemon_stencil.image_proc.loader:75 – Found 3 reference image(s) in /tmp/pytest-of-root/pytest-6/test_candidate_images_saved_to0/refs
01:00:50 [DEBUG   ] pokemon_stencil.image_proc.loader:138 – Loaded: /tmp/pytest-of-root/pytest-6/test_candidate_images_saved_to0/refs/ref_00.png
01:00:50 [DEBUG   ] pokemon_stencil.image_proc.loader:138 – Loaded: /tmp/pytest-of-root/pytest-6/test_candidate_images_saved_to0/refs/ref_01.png
01:00:50 [DEBUG   ] pokemon_stencil.image_proc.loader:138 – Loaded: /tmp/pytest-of-root/pytest-6/test_candidate_images_saved_to0/refs/ref_02.png
01:00:50 [INFO    ] pokemon_stencil.image_proc.loader:102 – Loaded 3 valid reference image(s).
01:00:50 [DEBUG   ] pokemon_stencil.image_gen.style_transfer:60 – Style transfer complete.
01:00:50 [DEBUG   ] pokemon_stencil.image_proc.simplifier:64 – Simplification complete; output size: (32, 32)
01:00:50 [DEBUG   ] pokemon_stencil.factory.scoring:95 – Score: clarity=0.312 component=1.000 contrast=1.000 → 0.725
01:00:50 [DEBUG   ] pokemon_stencil.factory.factory_runner:306 – Candidate 0 scored 0.725.
01:00:50 [INFO    ] pokemon_stencil.image_proc.loader:75 – Found 3 reference image(s) in /tmp/pytest-of-root/pytest-6/test_candidate_images_saved_to0/refs
01:00:50 [DEBUG   ] pokemon_stencil.image_proc.loader:138 – Loaded: /tmp/pytest-of-root/pytest-6/test_candidate_images_saved_to0/refs/ref_00.png
01:00:50 [DEBUG   ] pokemon_stencil.image_proc.loader:138 – Loaded: /tmp/pytest-of-root/pytest-6/test_candidate_images_saved_to0/refs/ref_01.png
01:00:50 [DEBUG   ] pokemon_stencil.image_proc.loader:138 – Loaded: /tmp/pytest-of-root/pytest-6/test_candidate_images_saved_to0/refs/ref_02.png
01:00:50 [INFO    ] pokemon_stencil.image_proc.loader:102 – Loaded 3 valid reference image(s).
01:00:50 [DEBUG   ] pokemon_stencil.image_gen.style_transfer:60 – Style transfer complete.
01:00:50 [DEBUG   ] pokemon_stencil.image_proc.simplifier:64 – Simplification complete; output size: (32, 32)
01:00:50 [DEBUG   ] pokemon_stencil.factory.scoring:95 – Score: clarity=0.312 component=1.000 contrast=1.000 → 0.725
01:00:50 [DEBUG   ] pokemon_stencil.factory.factory_runner:306 – Candidate 1 scored 0.725.
01:00:50 [INFO    ] pokemon_stencil.image_proc.loader:75 – Found 3 reference image(s) in /tmp/pytest-of-root/pytest-6/test_returns_pil_image0/refs
01:00:50 [DEBUG   ] pokemon_stencil.image_proc.loader:138 – Loaded: /tmp/pytest-of-root/pytest-6/test_returns_pil_image0/refs/ref_00.png
01:00:50 [DEBUG   ] pokemon_stencil.image_proc.loader:138 – Loaded: /tmp/pytest-of-root/pytest-6/test_returns_pil_image0/refs/ref_01.png
01:00:50 [DEBUG   ] pokemon_stencil.image_proc.loader:138 – Loaded: /tmp/pytest-of-root/pytest-6/test_returns_pil_image0/refs/ref_02.png
01:00:50 [INFO    ] pokemon_stencil.image_proc.loader:102 – Loaded 3 valid reference image(s).
01:00:50 [DEBUG   ] pokemon_stencil.image_gen.style_transfer:60 – Style transfer complete.
01:00:50 [DEBUG   ] pokemon_stencil.image_proc.simplifier:64 – Simplification complete; output size: (32, 32)
01:00:50 [INFO    ] pokemon_stencil.image_proc.loader:75 – Found 2 reference image(s) in /tmp/pytest-of-root/pytest-6/test_cycles_through_refs0/refs
01:00:50 [DEBUG   ] pokemon_stencil.image_proc.loader:138 – Loaded: /tmp/pytest-of-root/pytest-6/test_cycles_through_refs0/refs/ref_00.png
01:00:50 [DEBUG   ] pokemon_stencil.image_proc.loader:138 – Loaded: /tmp/pytest-of-root/pytest-6/test_cycles_through_refs0/refs/ref_01.png
01:00:50 [INFO    ] pokemon_stencil.image_proc.loader:102 – Loaded 2 valid reference image(s).
01:00:50 [DEBUG   ] pokemon_stencil.image_gen.style_transfer:60 – Style transfer complete.
01:00:50 [DEBUG   ] pokemon_stencil.image_proc.simplifier:64 – Simplification complete; output size: (32, 32)
01:00:50 [INFO    ] pokemon_stencil.image_proc.loader:75 – Found 2 reference image(s) in /tmp/pytest-of-root/pytest-6/test_cycles_through_refs0/refs
01:00:50 [DEBUG   ] pokemon_stencil.image_proc.loader:138 – Loaded: /tmp/pytest-of-root/pytest-6/test_cycles_through_refs0/refs/ref_00.png
01:00:50 [DEBUG   ] pokemon_stencil.image_proc.loader:138 – Loaded: /tmp/pytest-of-root/pytest-6/test_cycles_through_refs0/refs/ref_01.png
01:00:50 [INFO    ] pokemon_stencil.image_proc.loader:102 – Loaded 2 valid reference image(s).
01:00:50 [DEBUG   ] pokemon_stencil.image_gen.style_transfer:60 – Style transfer complete.
01:00:50 [DEBUG   ] pokemon_stencil.image_proc.simplifier:64 – Simplification complete; output size: (32, 32)
01:00:50 [DEBUG   ] pokemon_stencil.models.model_loader:90 – Pipeline cache cleared (0 entry/entries removed).
01:00:50 [DEBUG   ] pokemon_stencil.models.model_loader:90 – Pipeline cache cleared (0 entry/entries removed).
01:00:50 [DEBUG   ] pokemon_stencil.models.model_loader:90 – Pipeline cache cleared (0 entry/entries removed).
01:00:50 [DEBUG   ] pokemon_stencil.models.model_loader:90 – Pipeline cache cleared (0 entry/entries removed).
01:00:50 [DEBUG   ] pokemon_stencil.models.model_loader:90 – Pipeline cache cleared (0 entry/entries removed).
01:00:50 [DEBUG   ] pokemon_stencil.models.model_loader:90 – Pipeline cache cleared (0 entry/entries removed).
01:00:50 [DEBUG   ] pokemon_stencil.models.model_loader:90 – Pipeline cache cleared (0 entry/entries removed).
01:00:50 [DEBUG   ] pokemon_stencil.models.model_loader:90 – Pipeline cache cleared (0 entry/entries removed).
01:00:50 [DEBUG   ] pokemon_stencil.models.model_loader:90 – Pipeline cache cleared (0 entry/entries removed).
01:00:50 [DEBUG   ] pokemon_stencil.models.model_loader:90 – Pipeline cache cleared (0 entry/entries removed).
01:00:50 [DEBUG   ] pokemon_stencil.models.model_loader:90 – Pipeline cache cleared (0 entry/entries removed).
01:00:50 [DEBUG   ] pokemon_stencil.models.model_loader:90 – Pipeline cache cleared (0 entry/entries removed).
01:00:50 [DEBUG   ] pokemon_stencil.models.model_loader:90 – Pipeline cache cleared (0 entry/entries removed).
01:00:50 [DEBUG   ] pokemon_stencil.models.model_loader:90 – Pipeline cache cleared (0 entry/entries removed).
01:00:50 [DEBUG   ] pokemon_stencil.models.model_loader:90 – Pipeline cache cleared (0 entry/entries removed).
01:00:50 [DEBUG   ] pokemon_stencil.models.model_loader:90 – Pipeline cache cleared (0 entry/entries removed).
01:00:50 [DEBUG   ] pokemon_stencil.models.model_loader:90 – Pipeline cache cleared (0 entry/entries removed).
01:00:50 [DEBUG   ] pokemon_stencil.models.model_loader:90 – Pipeline cache cleared (0 entry/entries removed).
01:00:50 [DEBUG   ] pokemon_stencil.models.model_loader:90 – Pipeline cache cleared (0 entry/entries removed).
01:00:50 [INFO    ] pokemon_stencil.image_gen.generator:79 – Generating 2 image(s) for 'Pikachu' | steps=1 | seed=42
01:00:50 [DEBUG   ] pokemon_stencil.image_gen.generator:105 – Generated image 1/2
01:00:50 [DEBUG   ] pokemon_stencil.image_gen.generator:105 – Generated image 2/2
01:00:50 [DEBUG   ] pokemon_stencil.models.model_loader:90 – Pipeline cache cleared (0 entry/entries removed).
01:00:50 [DEBUG   ] pokemon_stencil.models.model_loader:90 – Pipeline cache cleared (0 entry/entries removed).
01:00:50 [INFO    ] pokemon_stencil.image_gen.generator:79 – Generating 3 image(s) for 'Pikachu' | steps=1 | seed=42
01:00:50 [DEBUG   ] pokemon_stencil.image_gen.generator:105 – Generated image 1/3
01:00:50 [DEBUG   ] pokemon_stencil.image_gen.generator:105 – Generated image 2/3
01:00:50 [DEBUG   ] pokemon_stencil.image_gen.generator:105 – Generated image 3/3
01:00:50 [DEBUG   ] pokemon_stencil.models.model_loader:90 – Pipeline cache cleared (0 entry/entries removed).
01:00:50 [DEBUG   ] pokemon_stencil.models.model_loader:90 – Pipeline cache cleared (0 entry/entries removed).
01:00:50 [INFO    ] pokemon_stencil.image_gen.generator:79 – Generating 1 image(s) for 'Snorlax' | steps=1 | seed=42
01:00:50 [DEBUG   ] pokemon_stencil.image_gen.generator:105 – Generated image 1/1
01:00:50 [DEBUG   ] pokemon_stencil.models.model_loader:90 – Pipeline cache cleared (0 entry/entries removed).
01:00:50 [DEBUG   ] pokemon_stencil.models.model_loader:90 – Pipeline cache cleared (0 entry/entries removed).
01:00:50 [INFO    ] pokemon_stencil.image_gen.generator:79 – Generating 1 image(s) for 'Pikachu' | steps=1 | seed=42
01:00:50 [DEBUG   ] pokemon_stencil.image_gen.generator:105 – Generated image 1/1
01:00:50 [DEBUG   ] pokemon_stencil.models.model_loader:90 – Pipeline cache cleared (0 entry/entries removed).
01:00:50 [DEBUG   ] pokemon_stencil.models.model_loader:90 – Pipeline cache cleared (0 entry/entries removed).
01:00:50 [INFO    ] pokemon_stencil.image_gen.generator:79 – Generating 1 image(s) for 'Pikachu' | steps=1 | seed=42
01:00:50 [DEBUG   ] pokemon_stencil.image_gen.generator:105 – Generated image 1/1
01:00:50 [DEBUG   ] pokemon_stencil.models.model_loader:90 – Pipeline cache cleared (0 entry/entries removed).
01:00:50 [DEBUG   ] pokemon_stencil.models.model_loader:90 – Pipeline cache cleared (0 entry/entries removed).
01:00:50 [INFO    ] pokemon_stencil.image_gen.generator:79 – Generating 1 image(s) for 'Pikachu' | steps=1 | seed=42
01:00:50 [DEBUG   ] pokemon_stencil.image_gen.generator:105 – Generated image 1/1
01:00:50 [DEBUG   ] pokemon_stencil.models.model_loader:90 – Pipeline cache cleared (0 entry/entries removed).
01:00:50 [DEBUG   ] pokemon_stencil.models.model_loader:90 – Pipeline cache cleared (0 entry/entries removed).
01:00:50 [INFO    ] pokemon_stencil.image_gen.generator:79 – Generating 1 image(s) for 'Pikachu' | steps=1 | seed=42
01:00:50 [DEBUG   ] pokemon_stencil.image_gen.generator:105 – Generated image 1/1
01:00:50 [DEBUG   ] pokemon_stencil.models.model_loader:90 – Pipeline cache cleared (0 entry/entries removed).
01:00:50 [DEBUG   ] pokemon_stencil.models.model_loader:90 – Pipeline cache cleared (0 entry/entries removed).
01:00:50 [INFO    ] pokemon_stencil.image_gen.generator:79 – Generating 1 image(s) for 'Pikachu' | steps=1 | seed=42
01:00:50 [DEBUG   ] pokemon_stencil.image_gen.generator:105 – Generated image 1/1
01:00:50 [DEBUG   ] pokemon_stencil.models.model_loader:90 – Pipeline cache cleared (0 entry/entries removed).
01:00:50 [DEBUG   ] pokemon_stencil.models.model_loader:90 – Pipeline cache cleared (0 entry/entries removed).
01:00:50 [INFO    ] pokemon_stencil.image_gen.generator:79 – Generating 1 image(s) for 'Pikachu' | steps=1 | seed=999
01:00:50 [DEBUG   ] pokemon_stencil.image_gen.generator:105 – Generated image 1/1
01:00:50 [DEBUG   ] pokemon_stencil.models.model_loader:90 – Pipeline cache cleared (0 entry/entries removed).
01:00:50 [DEBUG   ] pokemon_stencil.models.model_loader:90 – Pipeline cache cleared (0 entry/entries removed).
01:00:50 [INFO    ] pokemon_stencil.image_gen.generator:79 – Generating 1 image(s) for 'Pikachu' | steps=1 | seed=42
01:00:50 [DEBUG   ] pokemon_stencil.image_gen.generator:105 – Generated image 1/1
01:00:50 [DEBUG   ] pokemon_stencil.models.model_loader:90 – Pipeline cache cleared (0 entry/entries removed).
01:00:50 [DEBUG   ] pokemon_stencil.models.model_loader:90 – Pipeline cache cleared (0 entry/entries removed).
01:00:50 [INFO    ] pokemon_stencil.image_gen.generator:79 – Generating 1 image(s) for 'Pikachu' | steps=1 | seed=42
01:00:50 [DEBUG   ] pokemon_stencil.image_gen.generator:105 – Generated image 1/1
01:00:50 [DEBUG   ] pokemon_stencil.models.model_loader:90 – Pipeline cache cleared (0 entry/entries removed).
01:00:50 [DEBUG   ] pokemon_stencil.models.model_loader:90 – Pipeline cache cleared (0 entry/entries removed).
01:00:50 [INFO    ] pokemon_stencil.image_gen.generator:79 – Generating 1 image(s) for 'Pikachu' | steps=1 | seed=42
01:00:50 [DEBUG   ] pokemon_stencil.image_gen.generator:105 – Generated image 1/1
01:00:50 [DEBUG   ] pokemon_stencil.models.model_loader:90 – Pipeline cache cleared (0 entry/entries removed).
01:00:50 [DEBUG   ] pokemon_stencil.models.model_loader:90 – Pipeline cache cleared (0 entry/entries removed).
01:00:50 [INFO    ] pokemon_stencil.image_gen.generator:131 – Saved generated image: /tmp/pytest-of-root/pytest-6/test_saves_all_images0/out/test_000.png
01:00:50 [INFO    ] pokemon_stencil.image_gen.generator:131 – Saved generated image: /tmp/pytest-of-root/pytest-6/test_saves_all_images0/out/test_001.png
01:00:50 [INFO    ] pokemon_stencil.image_gen.generator:131 – Saved generated image: /tmp/pytest-of-root/pytest-6/test_saves_all_images0/out/test_002.png
01:00:50 [DEBUG   ] pokemon_stencil.models.model_loader:90 – Pipeline cache cleared (0 entry/entries removed).
01:00:50 [DEBUG   ] pokemon_stencil.models.model_loader:90 – Pipeline cache cleared (0 entry/entries removed).
01:00:50 [INFO    ] pokemon_stencil.image_gen.generator:131 – Saved generated image: /tmp/pytest-of-root/pytest-6/test_creates_output_dir0/nested/output/gen_000.png
01:00:50 [DEBUG   ] pokemon_stencil.models.model_loader:90 – Pipeline cache cleared (0 entry/entries removed).
01:00:50 [DEBUG   ] pokemon_stencil.models.model_loader:90 – Pipeline cache cleared (0 entry/entries removed).
01:00:50 [INFO    ] pokemon_stencil.image_gen.generator:131 – Saved generated image: /tmp/pytest-of-root/pytest-6/test_filenames_use_prefix0/gen_000.png
01:00:50 [DEBUG   ] pokemon_stencil.models.model_loader:90 – Pipeline cache cleared (0 entry/entries removed).
01:00:50 [DEBUG   ] pokemon_stencil.models.model_loader:90 – Pipeline cache cleared (0 entry/entries removed).
01:00:50 [INFO    ] pokemon_stencil.image_gen.generator:131 – Saved generated image: /tmp/pytest-of-root/pytest-6/test_filenames_zero_padded0/gen_000.png
01:00:50 [INFO    ] pokemon_stencil.image_gen.generator:131 – Saved generated image: /tmp/pytest-of-root/pytest-6/test_filenames_zero_padded0/gen_001.png
01:00:50 [DEBUG   ] pokemon_stencil.models.model_loader:90 – Pipeline cache cleared (0 entry/entries removed).
01:00:50 [DEBUG   ] pokemon_stencil.models.model_loader:90 – Pipeline cache cleared (0 entry/entries removed).
01:00:50 [INFO    ] pokemon_stencil.image_gen.generator:131 – Saved generated image: /tmp/pytest-of-root/pytest-6/test_returns_path_objects0/gen_000.png
01:00:50 [DEBUG   ] pokemon_stencil.models.model_loader:90 – Pipeline cache cleared (0 entry/entries removed).
01:00:50 [DEBUG   ] pokemon_stencil.models.model_loader:90 – Pipeline cache cleared (0 entry/entries removed).
01:00:50 [DEBUG   ] pokemon_stencil.models.model_loader:90 – Pipeline cache cleared (0 entry/entries removed).
01:00:50 [DEBUG   ] pokemon_stencil.models.model_loader:90 – Pipeline cache cleared (0 entry/entries removed).
01:00:50 [DEBUG   ] pokemon_stencil.models.model_loader:90 – Pipeline cache cleared (0 entry/entries removed).
01:00:50 [DEBUG   ] pokemon_stencil.stencil.layer_builder:75 – Layer 0: stencil safety applied.
01:00:50 [DEBUG   ] pokemon_stencil.stencil.layer_builder:75 – Layer 1: stencil safety applied.
01:00:50 [DEBUG   ] pokemon_stencil.stencil.layer_builder:75 – Layer 2: stencil safety applied.
01:00:50 [DEBUG   ] pokemon_stencil.stencil.layer_builder:75 – Layer 0: stencil safety applied.
01:00:50 [DEBUG   ] pokemon_stencil.stencil.layer_builder:75 – Layer 0: stencil safety applied.
01:00:50 [DEBUG   ] pokemon_stencil.stencil.layer_builder:75 – Layer 1: stencil safety applied.
01:00:50 [DEBUG   ] pokemon_stencil.stencil.layer_builder:75 – Layer 2: stencil safety applied.
01:00:50 [DEBUG   ] pokemon_stencil.stencil.layer_builder:75 – Layer 3: stencil safety applied.
01:00:50 [DEBUG   ] pokemon_stencil.stencil.layer_builder:75 – Layer 0: stencil safety applied.
01:00:50 [DEBUG   ] pokemon_stencil.stencil.layer_builder:75 – Layer 0: stencil safety applied.
01:00:50 [DEBUG   ] pokemon_stencil.stencil.layer_builder:75 – Layer 0: stencil safety applied.
01:00:50 [DEBUG   ] pokemon_stencil.stencil.layer_builder:75 – Layer 0: stencil safety applied.
01:00:50 [DEBUG   ] pokemon_stencil.stencil.layer_builder:75 – Layer 0: stencil safety applied.
01:00:50 [DEBUG   ] pokemon_stencil.stencil.layer_builder:158 – Bridge added for component 1 (centroid=31,31)
01:00:50 [DEBUG   ] pokemon_stencil.stencil.layer_builder:75 – Layer 0: stencil safety applied.
01:00:50 [DEBUG   ] pokemon_stencil.stencil.layer_builder:75 – Layer 0: stencil safety applied.
01:00:50 [DEBUG   ] pokemon_stencil.stencil.layer_builder:75 – Layer 0: stencil safety applied.
01:00:50 [DEBUG   ] pokemon_stencil.stencil.layer_builder:75 – Layer 0: stencil safety applied.
01:00:50 [DEBUG   ] pokemon_stencil.stencil.layer_builder:158 – Bridge added for component 1 (centroid=31,31)
01:00:50 [DEBUG   ] pokemon_stencil.stencil.layer_builder:75 – Layer 0: stencil safety applied.
01:00:50 [DEBUG   ] pokemon_stencil.stencil.layer_builder:158 – Bridge added for component 1 (centroid=14,14)
01:00:50 [DEBUG   ] pokemon_stencil.stencil.layer_builder:158 – Bridge added for component 2 (centroid=48,48)
01:00:50 [DEBUG   ] pokemon_stencil.stencil.layer_builder:75 – Layer 0: stencil safety applied.
01:00:50 [DEBUG   ] pokemon_stencil.stencil.layer_builder:75 – Layer 0: stencil safety applied.
01:00:50 [DEBUG   ] pokemon_stencil.stencil.layer_builder:75 – Layer 0: stencil safety applied.
01:00:50 [DEBUG   ] pokemon_stencil.stencil.layer_builder:75 – Layer 0: stencil safety applied.
01:00:50 [DEBUG   ] pokemon_stencil.stencil.layer_builder:75 – Layer 1: stencil safety applied.
01:00:50 [DEBUG   ] pokemon_stencil.stencil.layer_builder:75 – Layer 2: stencil safety applied.
01:00:50 [DEBUG   ] pokemon_stencil.stencil.layer_builder:75 – Layer 0: stencil safety applied.
01:00:50 [DEBUG   ] pokemon_stencil.stencil.layer_builder:75 – Layer 0: stencil safety applied.
01:00:50 [DEBUG   ] pokemon_stencil.logging_config:97 – Logging initialised (verbose=False, file=outputs/pokemon_stencil.log)
01:00:50 [DEBUG   ] pokemon_stencil.logging_config:97 – Logging initialised (verbose=True, file=outputs/pokemon_stencil.log)
01:00:50 [DEBUG   ] pokemon_stencil.logging_config:97 – Logging initialised (verbose=False, file=outputs/pokemon_stencil.log)
01:00:50 [DEBUG   ] pokemon_stencil.logging_config:97 – Logging initialised (verbose=False, file=outputs/pokemon_stencil.log)
01:00:50 [DEBUG   ] pokemon_stencil.logging_config:97 – Logging initialised (verbose=False, file=outputs/pokemon_stencil.log)
01:00:50 [DEBUG   ] pokemon_stencil.logging_config:97 – Logging initialised (verbose=False, file=outputs/pokemon_stencil.log)
